"","fix","X1","Player","Rk.x","Pos","Age.x","Tm","G.x","GS","MP.x","FG.x","FGA.x","FG%.x","3P.x","3PA.x","3P%.x","2P","2PA","2P%","eFG%","FT.x","FTA.x","FT%.x","ORB.x","DRB","TRB.x","AST.x","STL.x","BLK.x","TOV.x","PF.x","PS/G","Rk.y","Age.y","Yrs","G.y","MP.y","FG.y","FGA.y","3P.y","3PA.y","FT.y","FTA.y","ORB.y","TRB.y","AST.y","STL.y","BLK.y","TOV.y","PF.y","PTS","FG%.y","3P%.y","FT%.y","MP_1","PTS_1","TRB_1","AST_1","average salary"
"1","abdelnader",95,"Abdel Nader\naderab01",363,"SF",24,"BOS",48,1,10.9,1,3.1,0.336,0.5,1.4,0.354,0.6,1.8,0.321,0.413,0.5,0.8,0.59,0.3,1.2,1.5,0.5,0.3,0.2,0.7,0.9,3,82,24,1,48,522,50,149,23,65,23,39,13,71,26,15,10,34,45,146,0.336,0.354,0.59,10.9,3,1.5,0.5,1388032
"2","alexabrines",47,"Alex Abrines\abrinal01",1,"SG",24,"OKC",75,8,15.1,1.5,3.9,0.395,1.1,2.9,0.38,0.4,0.9,0.443,0.54,0.5,0.6,0.848,0.3,1.2,1.5,0.4,0.5,0.1,0.3,1.7,4.7,1,23,2,143,2189,249,632,178,468,83,95,44,200,68,75,16,58,238,759,0.394,0.38,0.874,15.3,5.3,1.4,0.5,5725000
"3","andrewharrison",48,"Andrew Harrison\harrian01",202,"PG",23,"MEM",56,46,23.7,3.2,7.7,0.422,0.8,2.5,0.331,2.4,5.1,0.467,0.477,2.2,2.8,0.78,0.4,1.9,2.3,3.2,0.7,0.5,1.4,2.5,9.5,32,22,2,128,2800,298,789,90,298,272,353,46,267,375,91,47,166,332,958,0.378,0.302,0.771,21.9,7.5,2.1,2.9,994269
"4","antezizic",97,"Ante Zizic\zizican01",539,"C",21,"CLE",32,2,6.7,1.5,2.1,0.731,0,0,NA,1.5,2.1,0.731,0.731,0.7,0.9,0.724,0.8,1.1,1.9,0.2,0.1,0.4,0.3,0.9,3.7,120,21,1,32,214,49,67,0,0,21,29,24,60,5,2,13,11,30,119,0.731,NA,0.724,6.7,3.7,1.9,0.2,1798980
"5","bensimmons",99,"Ben Simmons\simmobe01",450,"PG",21,"PHI",81,81,33.7,6.7,12.3,0.545,0,0.1,0,6.7,12.2,0.551,0.545,2.4,4.2,0.56,1.8,6.3,8.1,8.2,1.7,0.9,3.4,2.6,15.8,99,21,1,81,2732,544,998,0,11,191,341,145,659,661,140,70,278,211,1279,0.545,0,0.56,33.7,15.8,8.1,8.2,6036000
"6","bobanmarjanovic",1,"Boban Marjanovic\marjabo01",313,"C",29,"TOT",39,1,8.6,2,3.8,0.534,0,0,NA,2,3.8,0.534,0.534,2,2.5,0.794,1.2,2.5,3.7,0.6,0.3,0.3,0.9,1.3,6,36,27,3,128,1138,256,454,0,0,211,269,167,468,52,28,46,75,130,723,0.564,NA,0.784,8.9,5.6,3.7,0.4,7000000
"7","bobbyportis",2,"Bobby Portis\portibo01",410,"PF",22,"CHI",73,4,22.5,5.2,11.1,0.471,1.1,3.1,0.359,4.1,8.1,0.514,0.52,1.6,2.1,0.769,2.2,4.6,6.8,1.7,0.7,0.3,1.4,1.8,13.2,54,20,3,199,3745,751,1622,128,371,207,281,357,1131,210,91,56,194,324,1837,0.463,0.345,0.737,18.8,9.2,5.7,1.1,1453720
"8","bogdanbogdanovic",100,"Bogdan Bogdanovic\bogdabo01",54,"SG",25,"SAC",78,53,27.9,4.4,9.9,0.446,1.7,4.2,0.392,2.8,5.7,0.485,0.529,1.3,1.5,0.84,0.4,2.5,2.9,3.3,0.9,0.2,1.6,2.2,11.8,14,25,1,78,2175,344,772,129,329,100,119,31,223,258,72,16,125,172,917,0.446,0.392,0.84,27.9,11.8,2.9,3.3,9000000
"9","brandoningram",49,"Brandon Ingram\ingrabr01",238,"SF",20,"LAL",59,59,33.5,6.1,12.9,0.47,0.7,1.8,0.39,5.4,11.1,0.483,0.497,3.3,4.8,0.681,1,4.4,5.3,3.9,0.8,0.7,2.5,2.8,16.1,37,19,2,138,4254,634,1447,96,292,325,496,117,630,396,95,79,265,321,1689,0.438,0.329,0.655,30.8,12.2,4.6,2.9,5400540
"10","brandonpaul",101,"Brandon Paul\paulbr01",395,"SG",26,"SAS",64,2,9,0.9,2,0.433,0.2,0.8,0.278,0.6,1.1,0.548,0.492,0.3,0.7,0.512,0.1,1,1.1,0.6,0.4,0.1,0.5,0.9,2.3,89,26,1,64,576,55,127,15,54,22,43,6,68,37,25,7,29,58,147,0.433,0.278,0.512,9,2.3,1.1,0.6,1096929
"11","brynforbes",50,"Bryn Forbes\forbebr01",162,"SG",24,"SAS",80,12,19,2.6,6.2,0.421,1.1,2.9,0.39,1.5,3.4,0.446,0.51,0.6,0.9,0.667,0.2,1.2,1.4,1,0.4,0,0.5,1.4,6.9,25,23,2,116,1802,245,596,106,281,53,78,14,133,103,29,2,48,128,649,0.411,0.377,0.679,15.5,5.6,1.1,0.9,724360
"12","buddyhield",51,"Buddy Hield\hieldbu01",215,"SG",24,"SAC",80,12,25.3,5.2,11.7,0.446,2.2,5.1,0.431,3,6.6,0.457,0.54,0.9,1,0.877,0.7,3.2,3.8,1.9,1.1,0.3,1.6,1.9,13.5,35,23,2,162,3912,743,1700,324,787,135,157,90,576,276,123,31,225,263,1945,0.437,0.412,0.86,24.1,12,3.6,1.7,3596340
"13","calebswanigan",103,"Caleb Swanigan\swanica01",467,"PF",20,"POR",27,3,7,0.9,2.2,0.4,0,0.3,0.125,0.9,1.9,0.442,0.408,0.4,0.7,0.667,0.6,1.4,2,0.5,0.2,0.1,0.7,1.4,2.3,103,20,1,27,189,24,60,1,8,12,18,15,54,14,5,3,18,37,61,0.4,0.125,0.667,7,2.3,2,0.5,1602960
"14","carislevert",52,"Caris LeVert\leverca01",296,"SF",23,"BRK",71,10,26.3,4.5,10.4,0.435,1.2,3.5,0.347,3.3,6.9,0.48,0.493,1.9,2.6,0.711,0.7,2.9,3.7,4.2,1.2,0.3,2.2,2.2,12.1,47,22,2,128,3101,491,1115,144,429,200,280,76,448,410,131,30,212,250,1326,0.44,0.336,0.714,24.2,10.4,3.5,3.2,1597380
"15","cediosman",104,"Cedi Osman\osmande01",385,"SF",22,"CLE",61,12,11,1.5,3,0.484,0.5,1.4,0.368,1,1.6,0.586,0.57,0.4,0.8,0.565,0.3,1.7,2,0.7,0.4,0,0.5,1.3,3.9,86,22,1,61,672,90,186,32,87,26,46,19,120,41,22,3,32,78,238,0.484,0.368,0.565,11,3.9,2,0.7,2772355
"16","cheickdiallo",53,"Cheick Diallo\diallch01",131,"PF",21,"NOP",52,0,11.2,2,3.4,0.58,0,0,NA,2,3.4,0.58,0.58,1,1.3,0.758,0.9,3.2,4.1,0.4,0.2,0.4,0.5,1.6,4.9,18,20,2,69,780,138,252,0,0,65,87,70,284,23,15,28,35,99,341,0.548,NA,0.747,11.3,4.9,4.1,0.3,832994
"17","cristianofelicio",3,"Cristiano Felicio\feliccr01",157,"C",25,"CHI",55,16,17.8,2.3,3.9,0.591,0,0,0,2.3,3.9,0.596,0.591,1,1.5,0.667,1.5,2.7,4.2,1,0.3,0.2,1,1.9,5.6,17,23,3,152,2338,295,508,0,6,139,209,237,646,121,47,41,100,245,729,0.581,0,0.665,15.4,4.8,4.3,0.8,8000000
"18","dakarijohnson",105,"Dakari Johnson\johnsda04",256,"C",22,"OKC",31,6,5.2,0.7,1.3,0.564,0,0,NA,0.7,1.3,0.564,0.564,0.4,0.6,0.55,0.5,0.6,1.1,0.3,0.2,0.3,0.1,0.9,1.8,55,22,1,31,161,22,39,0,0,11,20,16,34,8,6,8,3,27,55,0.564,NA,0.55,5.2,1.8,1.1,0.3,1096929
"19","dangelorussell",4,"D'Angelo Russell\russeda01",437,"PG",21,"BRK",48,35,25.7,5.8,14,0.414,1.9,5.8,0.324,3.9,8.2,0.477,0.481,2,2.7,0.74,0.6,3.3,3.9,5.2,0.8,0.4,3.1,1.9,15.5,60,19,3,191,5304,1021,2495,355,1032,384,509,108,684,818,216,46,519,365,2781,0.409,0.344,0.754,27.8,14.6,3.6,4.3,5332760
"20","danieltheis",107,"Daniel Theis\theisda01",476,"C",25,"BOS",63,3,14.9,2,3.7,0.541,0.3,0.9,0.31,1.7,2.8,0.617,0.579,1,1.3,0.753,1.4,2.9,4.3,0.9,0.5,0.8,0.9,2.5,5.3,106,25,1,63,936,126,233,18,58,61,81,90,274,56,30,48,56,157,331,0.541,0.31,0.753,14.9,5.3,4.3,0.9,1096929
"21","dariosaric",54,"Dario Saric\saricda01",440,"PF",23,"PHI",78,73,29.6,5.2,11.4,0.453,2,5.1,0.393,3.2,6.3,0.501,0.541,2.3,2.7,0.86,2,4.7,6.7,2.6,0.7,0.3,1.9,2.1,14.6,70,22,2,159,4439,784,1817,263,740,350,427,266,1033,384,108,50,331,322,2181,0.431,0.355,0.82,27.9,13.7,6.5,2.4,2370420
"22","davidnwaba",55,"David Nwaba\nwabada01",375,"SG",25,"CHI",70,21,23.5,2.9,6,0.478,0.3,0.7,0.346,2.6,5.3,0.496,0.499,1.9,2.9,0.655,1.3,3.4,4.7,1.5,0.8,0.4,1.1,2.3,7.9,58,24,2,90,2043,249,504,19,57,158,242,106,389,118,72,36,88,194,675,0.494,0.333,0.653,22.7,7.5,4.3,1.3,693070
"23","davisbertans",56,"Davis Bertans\bertada01",44,"PF",25,"SAS",77,10,14.1,2.1,4.8,0.44,1.2,3.3,0.373,0.9,1.5,0.588,0.568,0.5,0.6,0.816,0.2,1.8,2,1,0.3,0.4,0.5,1.2,5.9,8,24,2,144,1894,264,600,163,425,68,83,40,251,120,46,56,68,168,759,0.44,0.384,0.819,13.2,5.3,1.7,0.8,724360
"24","deaaronfox",108,"De'Aaron Fox\foxde01",164,"PG",20,"SAC",73,60,27.8,4.5,10.9,0.412,0.6,2.1,0.307,3.8,8.8,0.436,0.441,1.9,2.7,0.723,0.5,2.3,2.8,4.4,1,0.3,2.4,2.2,11.6,36,20,1,73,2026,328,797,47,153,141,195,33,204,320,70,20,173,163,844,0.412,0.307,0.723,27.8,11.6,2.8,4.4,5040060
"25","deandrebembry",57,"DeAndre' Bembry\bembrde01",42,"SF",23,"ATL",26,3,17.5,2,4.9,0.414,0.4,1.2,0.367,1.6,3.8,0.429,0.457,0.7,1.3,0.576,0.3,2.5,2.8,1.9,0.8,0.5,1.8,1.5,5.2,5,22,2,64,826,100,226,12,48,25,49,22,131,77,29,17,63,59,237,0.442,0.25,0.51,12.9,3.7,2,1.2,1533480
"26","dejountemurray",58,"Dejounte Murray\murrade01",360,"PG",21,"SAS",81,48,21.5,3.3,7.5,0.443,0.1,0.4,0.265,3.2,7.1,0.454,0.451,1.3,1.8,0.709,1.4,4.3,5.7,2.9,1.2,0.4,1.7,1.9,8.1,54,20,2,119,2065,320,725,18,57,126,178,116,501,279,105,37,172,180,784,0.441,0.316,0.708,17.4,6.6,4.2,2.3,1206660
"27","delonwright",5,"Delon Wright\wrighde01",530,"PG",25,"TOR",69,4,20.8,2.9,6.3,0.465,0.8,2.2,0.366,2.1,4,0.52,0.53,1.4,1.7,0.829,0.7,2.2,2.9,2.9,1,0.5,1.1,1.2,8,72,23,3,123,2108,286,628,71,196,165,207,69,283,288,107,47,119,119,808,0.455,0.362,0.797,17.1,6.6,2.3,2.3,1577280
"28","dennissmith",109,"Dennis Smith\smithde03",455,"PG",20,"DAL",69,69,29.7,5.9,14.8,0.395,1.5,4.9,0.313,4.3,9.9,0.436,0.447,1.9,2.8,0.694,0.7,3,3.8,5.2,1,0.3,2.8,2.2,15.2,101,20,1,69,2049,404,1023,106,339,134,193,50,260,358,71,18,195,152,1048,0.395,0.313,0.694,29.7,15.2,3.8,5.2,3519120
"29","denzelvalentine",59,"Denzel Valentine\valende01",490,"SG",24,"CHI",77,37,27.2,3.9,9.4,0.417,1.9,4.8,0.386,2.1,4.6,0.45,0.517,0.5,0.7,0.745,0.6,4.5,5.1,3.2,0.8,0.1,1.3,2.4,10.2,79,23,2,134,3071,403,1009,216,578,52,69,59,544,307,95,18,148,271,1074,0.399,0.374,0.754,22.9,8,4.1,2.3,2139300
"30","devinbooker",6,"Devin Booker\bookede01",58,"SG",21,"PHO",54,54,34.5,8.4,19.5,0.432,2.7,7.1,0.383,5.7,12.4,0.46,0.501,5.4,6.1,0.878,0.5,4,4.5,4.7,0.9,0.3,3.6,3.1,24.9,6,19,3,208,6703,1428,3352,393,1078,871,1026,99,680,721,163,55,595,635,4120,0.426,0.365,0.849,32.2,19.8,3.3,3.5,2223600
"31","deyontadavis",60,"Deyonta Davis\davisde01",123,"C",21,"MEM",62,6,15.2,2.6,4.3,0.608,0,0,NA,2.6,4.3,0.608,0.608,0.6,0.9,0.667,1.2,2.8,4,0.6,0.2,0.6,0.5,2,5.8,16,20,2,98,1181,185,312,0,0,48,75,95,310,42,18,56,40,165,418,0.593,NA,0.64,12.1,4.3,3.2,0.4,1307614
"32","domantassabonis",61,"Domantas Sabonis\sabondo01",438,"C",21,"IND",74,19,24.5,4.6,8.9,0.514,0.2,0.5,0.351,4.4,8.4,0.524,0.524,2.3,3,0.75,2.2,5.5,7.7,2,0.5,0.4,1.9,3,11.6,69,20,2,155,3442,532,1142,64,196,212,291,211,860,233,79,64,220,420,1340,0.466,0.327,0.729,22.2,8.6,5.5,1.5,2495100
"33","donovanmitchell",111,"Donovan Mitchell\mitchdo01",343,"SG",21,"UTA",79,71,33.4,7.5,17.2,0.437,2.4,7,0.34,5.2,10.3,0.502,0.506,3,3.8,0.805,0.7,3.1,3.7,3.7,1.5,0.3,2.7,2.7,20.5,75,21,1,79,2638,595,1362,187,550,239,297,52,296,291,118,27,215,213,1616,0.437,0.34,0.805,33.4,20.5,3.7,3.7,2866380
"34","draganbender",62,"Dragan Bender\bendedr01",43,"PF",20,"PHO",82,37,25.2,2.3,5.9,0.386,1.4,3.9,0.366,0.8,2,0.426,0.508,0.5,0.6,0.765,0.5,3.9,4.4,1.6,0.3,0.6,1.4,2,6.5,6,19,2,125,2643,244,645,146,423,43,62,63,464,153,32,75,144,240,677,0.378,0.345,0.694,21.1,5.4,3.7,1.2,4372560
"35","dwaynebacon",112,"Dwayne Bacon\bacondw01",26,"SG",22,"CHO",53,6,13.5,1.4,3.6,0.375,0.2,0.8,0.256,1.2,2.8,0.409,0.404,0.4,0.5,0.8,0.1,2.3,2.3,0.7,0.3,0,0.4,0.9,3.3,8,22,1,53,713,72,192,11,43,20,25,4,124,38,16,2,23,46,175,0.375,0.256,0.8,13.5,3.3,2.3,0.7,1270792
"36","emmanuelmudiay",8,"Emmanuel Mudiay\mudiaem01",357,"PG",21,"TOT",64,14,19.5,3.2,8.2,0.388,0.7,2.3,0.318,2.5,5.9,0.415,0.433,1.5,2,0.76,0.4,2,2.4,3.2,0.6,0.2,1.8,1.3,8.6,44,19,3,187,4719,741,1982,177,558,369,505,87,562,795,147,59,453,316,2028,0.374,0.317,0.731,25.2,10.8,3,4.3,3241840
"37","emmanuelmudiay",7,"Emmanuel Mudiay\mudiaem01",357,"PG",21,"DEN",42,0,17.9,3.1,7.7,0.401,0.9,2.4,0.373,2.2,5.2,0.414,0.46,1.5,1.9,0.808,0.4,1.9,2.2,2.9,0.5,0.1,1.7,1.1,8.5,44,19,3,187,4719,741,1982,177,558,369,505,87,562,795,147,59,453,316,2028,0.374,0.317,0.731,25.2,10.8,3,4.3,3241840
"38","frankkaminsky",9,"Frank Kaminsky\kaminfr01",270,"PF",24,"CHO",79,4,23.2,3.9,9.1,0.429,1.3,3.5,0.38,2.6,5.6,0.459,0.501,2,2.5,0.799,0.6,3.1,3.6,1.6,0.5,0.2,0.8,1.2,11.1,32,22,3,235,5497,842,2043,288,830,381,498,172,959,389,120,96,200,360,2353,0.412,0.347,0.765,23.4,10,4.1,1.7,2730040
"39","frankmason",113,"Frank Mason\masonfr01",316,"PG",23,"SAC",52,2,18.9,2.8,7.3,0.379,0.6,1.7,0.36,2.2,5.7,0.384,0.42,1.8,2.2,0.817,0.6,1.9,2.5,2.8,0.7,0.2,1.3,1.4,7.9,69,23,1,52,984,144,380,31,86,94,115,30,130,147,34,10,65,72,413,0.379,0.36,0.817,18.9,7.9,2.5,2.8,1393716
"40","fredvanvleet",63,"Fred VanVleet\vanvlfr01",491,"PG",23,"TOR",76,0,20,3.1,7.2,0.426,1.4,3.4,0.414,1.6,3.7,0.437,0.525,1.1,1.3,0.832,0.3,2.1,2.4,3.2,0.9,0.3,1,1.7,8.6,80,22,2,113,1814,271,656,119,290,102,123,29,226,278,84,22,89,166,763,0.413,0.41,0.829,16.1,6.8,2,2.5,724360
"41","guerschonyabusele",115,"Guerschon Yabusele\yabusgu01",531,"PF",22,"BOS",33,4,7.1,0.8,1.8,0.426,0.4,1.1,0.324,0.4,0.7,0.583,0.525,0.5,0.7,0.682,0.5,1.1,1.6,0.5,0.1,0.2,0.4,0.7,2.4,119,22,1,33,235,26,61,12,37,15,22,17,52,16,4,5,12,23,79,0.426,0.324,0.682,7.1,2.4,1.6,0.5,2457540
"42","henryellenson",64,"Henry Ellenson\ellenhe01",145,"PF",21,"DET",38,0,8.7,1.4,3.8,0.363,0.5,1.6,0.333,0.9,2.3,0.384,0.432,0.7,0.8,0.862,0.3,1.9,2.1,0.5,0.1,0,0.5,0.6,4,20,20,2,57,475,76,210,30,95,29,37,18,122,27,6,1,32,28,211,0.362,0.316,0.784,8.3,3.7,2.1,0.5,1742460
"43","isaiahtaylor",65,"Isaiah Taylor\taylois01",469,"PG",23,"ATL",67,9,17.4,2.4,5.8,0.418,0.3,1.2,0.25,2.1,4.6,0.461,0.444,1.5,2.1,0.702,0.3,1.1,1.4,3.1,0.5,0.1,1.3,1.7,6.6,75,22,2,71,1219,164,397,20,82,100,143,23,97,209,35,11,84,122,448,0.413,0.244,0.699,17.2,6.3,1.4,2.9,1000474
"44","ivanrabb",116,"Ivan Rabb\rabbiv01",419,"PF",20,"MEM",36,5,14.3,2.4,4.2,0.566,0,0,NA,2.4,4.2,0.566,0.566,0.8,1,0.806,1.5,2.9,4.4,0.9,0.3,0.4,1,1.5,5.6,95,20,1,36,516,86,152,0,0,29,36,53,158,32,12,13,35,55,201,0.566,NA,0.806,14.3,5.6,4.4,0.9,1164121
"45","ivicazubac",66,"Ivica Zubac\zubaciv01",540,"C",20,"LAL",43,0,9.5,1.4,2.8,0.5,0,0,0,1.4,2.8,0.504,0.5,0.9,1.2,0.765,1,1.8,2.9,0.6,0.2,0.3,0.6,1.1,3.7,88,19,2,81,1019,187,360,0,4,71,100,86,282,55,22,48,56,113,445,0.519,0,0.71,12.6,5.5,3.5,0.7,1081529
"46","jahlilokafor",10,"Jahlil Okafor\okafoja01",381,"C",22,"BRK",26,0,12.6,2.8,5,0.566,0,0.2,0.25,2.8,4.8,0.576,0.57,0.7,1,0.76,0.7,2.3,2.9,0.4,0.1,0.6,0.7,1.7,6.4,49,20,3,131,3078,716,1390,2,10,260,381,224,698,135,45,128,236,313,1694,0.515,0.2,0.682,23.5,12.9,5.3,1,4788880
"47","jahlilokafor",11,"Jahlil Okafor\okafoja01",381,"C",22,"TOT",28,0,12.6,2.8,4.9,0.558,0,0.1,0.25,2.7,4.8,0.567,0.562,0.8,1,0.724,0.8,2.3,3,0.4,0.1,0.6,0.8,1.8,6.3,49,20,3,131,3078,716,1390,2,10,260,381,224,698,135,45,128,236,313,1694,0.515,0.2,0.682,23.5,12.9,5.3,1,4788880
"48","jakelayman",67,"Jake Layman\laymaja01",287,"SF",23,"POR",35,1,4.6,0.4,1.3,0.298,0.1,0.6,0.2,0.3,0.8,0.37,0.34,0.1,0.1,0.667,0.1,0.3,0.5,0.3,0.2,0.1,0.1,0.4,1,46,22,2,70,409,40,136,17,71,15,20,10,40,22,15,7,16,35,112,0.294,0.239,0.75,5.8,1.6,0.6,0.3,851837
"49","jakobpoeltl",68,"Jakob Poeltl\poeltja01",407,"C",22,"TOR",82,0,18.6,3.1,4.7,0.659,0,0,0.5,3.1,4.7,0.66,0.66,0.7,1.2,0.594,2,2.8,4.8,0.7,0.5,1.2,1,2.6,6.9,64,21,2,136,2150,320,499,1,2,91,158,243,558,69,56,120,114,325,732,0.641,0.5,0.576,15.8,5.4,4.1,0.5,2764800
"50","jamalmurray",69,"Jamal Murray\murraja01",361,"PG",20,"DEN",81,80,31.7,5.9,13.1,0.451,2,5.4,0.378,3.9,7.7,0.502,0.529,2.8,3.1,0.905,1,2.7,3.7,3.4,1,0.3,2.1,2.1,16.7,55,19,2,163,4329,774,1792,280,780,335,373,123,511,444,130,52,285,297,2163,0.432,0.359,0.898,26.6,13.3,3.1,2.7,3355320
"51","jarellmartin",12,"Jarell Martin\martija01",315,"PF",23,"MEM",73,36,22.8,3,6.8,0.446,0.5,1.3,0.347,2.6,5.5,0.47,0.48,1.2,1.6,0.767,1.3,3,4.4,1,0.5,0.7,1.2,2.9,7.7,37,21,3,142,2599,333,763,43,125,174,228,178,566,96,64,65,133,360,883,0.436,0.344,0.763,18.3,6.2,4,0.7,1286200
"52","jawunevans",118,"Jawun Evans\evansja01",150,"PG",21,"LAC",48,4,16.2,1.9,5.3,0.352,0.3,1.1,0.278,1.5,4.1,0.372,0.381,0.8,1,0.776,0.2,1.6,1.8,2.1,0.8,0.1,0.9,2,4.8,34,21,1,48,778,89,253,15,54,38,49,9,84,100,36,6,44,97,231,0.352,0.278,0.776,16.2,4.8,1.8,2.1,1096929
"53","jaylenbrown",70,"Jaylen Brown\brownja02",70,"SG",21,"BOS",70,70,30.7,5.3,11.5,0.465,1.7,4.4,0.395,3.6,7.1,0.507,0.54,2.1,3.3,0.644,0.9,4,4.9,1.6,1,0.4,1.8,2.6,14.5,11,20,2,148,3493,565,1226,167,441,235,357,111,566,178,105,44,192,323,1532,0.461,0.379,0.658,23.6,10.4,3.8,1.2,4849740
"54","jaysontatum",119,"Jayson Tatum\tatumja01",468,"SF",19,"BOS",80,80,30.5,5,10.4,0.475,1.3,3,0.434,3.7,7.4,0.492,0.538,2.7,3.2,0.826,0.6,4.4,5,1.6,1,0.7,1.4,2.1,13.9,104,19,1,80,2438,397,835,105,242,213,258,50,402,128,83,58,114,170,1112,0.475,0.434,0.826,30.5,13.9,5,1.6,6173100
"55","jeriangrant",13,"Jerian Grant\grantje02",184,"PG",25,"CHI",74,26,22.8,2.8,6.8,0.415,0.8,2.5,0.324,2,4.3,0.468,0.475,1.9,2.5,0.745,0.4,1.9,2.3,4.6,0.9,0.1,1.2,1.8,8.4,18,23,3,213,3979,491,1196,132,422,301,384,71,426,640,160,26,220,322,1415,0.411,0.313,0.784,18.7,6.6,2,3,1643080
"56","joelembiid",71,"Joel Embiid\embiijo01",147,"C",23,"PHI",63,63,30.3,8.1,16.8,0.483,1,3.4,0.308,7,13.4,0.527,0.514,5.7,7.4,0.769,2.3,8.7,11,3.2,0.6,1.8,3.7,3.3,22.9,21,22,2,94,2698,710,1485,102,312,550,711,204,933,265,67,187,351,321,2072,0.478,0.327,0.774,28.7,22,9.9,2.8,4995257
"57","johncollins",120,"John Collins\collijo01",101,"PF",20,"ATL",74,26,24.1,4.2,7.4,0.576,0.2,0.6,0.34,4,6.7,0.598,0.591,1.8,2.5,0.715,2.4,4.9,7.3,1.3,0.6,1.1,1.4,2.9,10.5,24,20,1,74,1785,314,545,16,47,133,186,176,541,98,47,80,105,215,777,0.576,0.34,0.715,24.1,10.5,7.3,1.3,2118000
"58","jonathanisaac",121,"Jonathan Isaac\isaacjo01",240,"PF",20,"ORL",27,10,19.9,2,5.4,0.379,0.6,1.7,0.348,1.4,3.7,0.394,0.434,0.7,0.9,0.76,0.6,3.1,3.7,0.7,1.2,1.1,1,1.8,5.4,49,20,1,27,536,55,145,16,46,19,25,16,99,18,33,30,27,48,145,0.379,0.348,0.76,19.9,5.4,3.7,0.7,4577700
"59","jonathonsimmons",15,"Jonathon Simmons\simmojo02",451,"SG",28,"ORL",69,50,29.4,5.1,11,0.465,1,3,0.338,4.1,8.1,0.512,0.511,2.7,3.5,0.768,0.9,2.6,3.5,2.5,0.8,0.2,2.1,2.5,13.9,61,26,3,202,4234,653,1424,117,353,353,465,97,495,355,129,46,275,424,1776,0.459,0.331,0.759,21,8.8,2.5,1.8,6666667
"60","jordanbell",122,"Jordan Bell\belljo01",41,"C",23,"GSW",57,13,14.2,2,3.2,0.627,0,0.1,0,2,3.2,0.641,0.627,0.5,0.8,0.682,1.1,2.6,3.6,1.8,0.6,1,0.9,1.6,4.6,10,23,1,57,809,116,185,0,4,30,44,60,207,102,35,56,51,92,262,0.627,0,0.682,14.2,4.6,3.6,1.8,1096929
"61","joshhart",123,"Josh Hart\hartjo01",204,"SG",22,"LAL",63,23,23.2,2.8,6,0.469,1.2,3.1,0.396,1.6,2.8,0.551,0.573,1,1.5,0.702,0.7,3.5,4.2,1.3,0.7,0.3,0.7,1.7,7.9,41,22,1,63,1461,176,375,78,197,66,94,42,263,80,47,16,47,107,496,0.469,0.396,0.702,23.2,7.9,4.2,1.3,1524840
"62","joshhuestis",16,"Josh Huestis\huestjo01",230,"PF",26,"OKC",69,10,14.2,0.9,2.6,0.33,0.5,1.7,0.287,0.4,1,0.403,0.42,0.1,0.3,0.3,0.6,1.7,2.3,0.3,0.2,0.6,0.4,1.2,2.3,26,24,3,76,1068,71,205,39,125,6,25,48,180,23,16,48,29,85,187,0.346,0.312,0.24,14.1,2.5,2.4,0.3,1191520
"63","joshjackson",124,"Josh Jackson\jacksjo02",245,"SF",20,"PHO",77,35,25.4,5.1,12.1,0.417,0.7,2.8,0.263,4.3,9.3,0.464,0.448,2.3,3.6,0.634,1.2,3.3,4.6,1.5,1,0.5,1.9,2.8,13.1,52,20,1,77,1959,389,932,57,217,177,279,95,351,119,80,35,146,218,1012,0.417,0.263,0.634,25.4,13.1,4.6,1.5,5565780
"64","joshrichardson",17,"Josh Richardson\richajo01",426,"SF",24,"MIA",81,81,33.2,4.9,10.9,0.451,1.6,4.1,0.378,3.4,6.8,0.495,0.523,1.5,1.8,0.845,0.9,2.7,3.5,2.9,1.5,0.9,1.7,2.5,12.9,58,22,3,186,5410,724,1670,255,678,222,282,125,560,444,217,139,240,438,1925,0.434,0.376,0.787,29.1,10.3,3,2.4,804825
"65","justinanderson",18,"Justin Anderson\anderju01",12,"SF",24,"PHI",38,0,13.7,2.3,5.3,0.431,0.9,2.7,0.33,1.4,2.6,0.535,0.515,0.7,1,0.737,0.7,1.8,2.4,0.7,0.4,0.2,0.4,1.4,6.2,2,22,3,168,2394,344,816,114,380,174,222,112,470,120,75,55,106,208,976,0.422,0.3,0.784,14.3,5.8,2.8,0.7,1514200
"66","justinjackson",125,"Justin Jackson\jacksju01",246,"SF",22,"SAC",68,41,22.1,2.7,6.2,0.442,0.8,2.7,0.308,1.9,3.4,0.547,0.51,0.4,0.5,0.722,0.4,2.4,2.8,1.1,0.4,0.2,0.6,1.2,6.7,53,22,1,68,1506,185,419,57,185,26,36,27,187,74,28,13,40,81,453,0.442,0.308,0.722,22.1,6.7,2.8,1.1,2586720
"67","justisewinslow",19,"Justise Winslow\winslju01",526,"PF",21,"MIA",68,25,24.7,3,7.2,0.424,0.7,1.9,0.38,2.3,5.3,0.44,0.474,1,1.5,0.635,0.9,4.5,5.4,2.2,0.8,0.5,1.1,2.1,7.8,70,19,3,164,4537,482,1175,88,280,175,268,168,866,331,148,65,205,376,1227,0.41,0.314,0.653,27.7,7.5,5.3,2,2807282
"68","karlanthonytowns",20,"Karl-Anthony Towns\townska01",483,"C",22,"MIN",82,82,35.6,7.8,14.3,0.545,1.5,3.5,0.421,6.3,10.8,0.585,0.596,4.2,4.9,0.858,2.9,9.4,12.3,2.4,0.8,1.4,1.9,3.5,21.3,65,20,3,246,8575,2066,3805,251,648,924,1105,763,2877,580,178,356,554,771,5307,0.543,0.387,0.836,34.9,21.6,11.7,2.4,5960200
"69","kellyoubre",21,"Kelly Oubre\oubreke01",386,"SF",22,"WAS",81,11,27.5,3.9,9.8,0.403,1.6,4.6,0.341,2.4,5.2,0.456,0.482,2.4,2.9,0.82,0.7,3.8,4.5,1.2,1,0.4,1.1,2.9,11.8,50,20,3,223,4507,594,1443,205,636,297,381,145,757,158,160,59,174,529,1690,0.412,0.322,0.78,20.2,7.6,3.4,0.7,2006640
"70","kevonlooney",22,"Kevon Looney\looneke01",301,"C",21,"GSW",66,4,13.8,1.7,2.9,0.58,0,0.1,0.2,1.7,2.8,0.59,0.583,0.6,1.2,0.545,1.3,2,3.3,0.6,0.5,0.8,0.5,1.6,4,34,19,3,124,1378,172,307,4,16,63,111,131,349,71,49,73,49,172,411,0.56,0.25,0.568,11.1,3.3,2.8,0.6,1182880
"71","khembirch",126,"Khem Birch\birchkh01",46,"C",25,"ORL",42,0,13.8,1.6,3,0.54,0,0,NA,1.6,3,0.54,0.54,1,1.5,0.689,1.7,2.6,4.3,0.8,0.4,0.5,0.5,1.3,4.2,11,25,1,42,578,68,126,0,0,42,61,70,180,34,15,21,21,56,178,0.54,NA,0.689,13.8,4.2,4.3,0.8,1096929
"72","krisdunn",72,"Kris Dunn\dunnkr01",142,"PG",23,"CHI",52,43,29.3,5.5,12.8,0.429,0.8,2.6,0.321,4.7,10.2,0.457,0.462,1.6,2.2,0.73,0.5,3.8,4.3,6,2,0.5,2.9,3.4,13.4,19,22,2,130,2858,404,979,64,207,120,174,48,387,498,182,63,239,353,992,0.413,0.309,0.69,22,7.6,3,3.8,3959640
"73","kristapsporzingis",23,"Kristaps Porzingis\porzikr01",411,"PF",22,"NYK",48,48,32.4,8.1,18.5,0.439,1.9,4.8,0.395,6.3,13.8,0.454,0.489,4.5,5.7,0.793,1.3,5.3,6.6,1.2,0.8,2.4,1.9,2.9,22.7,55,20,3,186,5764,1206,2760,283,785,617,767,305,1317,248,136,378,332,590,3312,0.437,0.361,0.804,31,17.8,7.1,1.3,4662524
"74","larrynance",25,"Larry Nance\nancela02",364,"C",25,"TOT",66,27,21.5,3.6,6.3,0.581,0,0.2,0.167,3.6,6.1,0.594,0.584,1.4,2.1,0.664,2.4,4.4,6.8,1.2,1.3,0.6,0.8,2.6,8.7,46,23,3,192,4129,588,1074,13,58,182,264,382,1133,222,224,100,148,445,1371,0.547,0.224,0.689,21.5,7.1,5.9,1.2,1207640
"75","larrynance",24,"Larry Nance\nancela02",364,"C",25,"LAL",42,17,22,3.6,6,0.601,0,0.1,0.25,3.6,5.9,0.606,0.603,1.3,2.1,0.632,2.6,4.2,6.8,1.4,1.4,0.5,1,2.7,8.6,46,23,3,192,4129,588,1074,13,58,182,264,382,1133,222,224,100,148,445,1371,0.547,0.224,0.689,21.5,7.1,5.9,1.2,1207640
"76","lonzoball",131,"Lonzo Ball\balllo01",29,"PG",20,"LAL",52,50,34.2,3.9,10.8,0.36,1.7,5.7,0.305,2.2,5.2,0.42,0.44,0.6,1.4,0.451,1.3,5.6,6.9,7.2,1.7,0.8,2.6,2.3,10.2,9,20,1,52,1780,203,564,90,295,32,71,69,360,376,88,43,136,117,528,0.36,0.305,0.451,34.2,10.2,6.9,7.2,6874260
"77","lukekennard",132,"Luke Kennard\kennalu01",272,"SG",21,"DET",73,9,20,2.8,6.4,0.443,1.1,2.7,0.415,1.7,3.7,0.463,0.53,0.9,1,0.855,0.3,2.1,2.4,1.7,0.6,0.2,0.9,1.2,7.6,58,21,1,73,1463,206,465,81,195,65,76,21,176,124,44,13,69,86,558,0.443,0.415,0.855,20,7.6,2.4,1.7,3017280
"78","malachirichardson",73,"Malachi Richardson\richama01",427,"SG",22,"TOT",26,4,12.5,1.2,3.5,0.333,0.5,1.5,0.3,0.7,1.9,0.36,0.4,0.7,0.8,0.773,0.2,1.1,1.3,0.5,0.4,0,0.4,1,3.4,68,21,2,48,522,58,158,20,68,32,41,8,57,24,15,2,18,50,168,0.367,0.294,0.78,10.9,3.5,1.2,0.5,1472220
"79","malcolmbrogdon",74,"Malcolm Brogdon\brogdma01",64,"PG",25,"MIL",48,20,29.9,5.1,10.5,0.485,1.3,3.4,0.385,3.8,7.1,0.532,0.547,1.6,1.8,0.882,0.5,2.8,3.3,3.2,0.9,0.3,1.4,2.7,13,10,24,2,123,3418,534,1138,140,354,184,211,70,369,469,125,25,179,268,1392,0.469,0.395,0.872,27.8,11.3,3,3.8,976837
"80","malikbeasley",76,"Malik Beasley\beaslma01",38,"SG",21,"DEN",62,0,9.4,1.2,2.9,0.41,0.5,1.3,0.341,0.7,1.5,0.469,0.489,0.4,0.5,0.667,0.2,0.9,1.1,0.5,0.2,0.1,0.4,0.6,3.2,4,20,2,84,748,106,251,37,110,30,43,19,88,42,22,7,32,46,279,0.422,0.336,0.698,8.9,3.3,1,0.5,1958379
"81","malikmonk",133,"Malik Monk\monkma01",345,"SG",19,"CHO",63,0,13.6,2.4,6.7,0.36,1.3,3.9,0.342,1.1,2.9,0.385,0.458,0.5,0.6,0.842,0.1,0.9,1,1.4,0.3,0.1,0.8,0.9,6.7,77,19,1,63,854,153,425,83,243,32,38,8,66,91,20,9,48,59,421,0.36,0.342,0.842,13.6,6.7,1,1.4,3175980
"82","marcusgeorgeshunt",77,"Marcus Georges-Hunt\georgma01",174,"SG",23,"MIN",42,0,5.3,0.5,1.1,0.438,0.1,0.4,0.267,0.4,0.8,0.515,0.479,0.3,0.5,0.619,0.2,0.2,0.4,0.2,0.1,0,0.1,0.8,1.4,28,22,2,47,272,23,55,5,17,22,31,8,25,10,7,0,5,37,73,0.418,0.294,0.71,5.8,1.6,0.5,0.2,1312611
"83","mariohezonja",26,"Mario Hezonja\hezonma01",213,"SF",22,"ORL",75,30,22.1,3.6,8.2,0.442,1.2,3.6,0.337,2.4,4.7,0.523,0.515,1.1,1.4,0.819,0.5,3.2,3.7,1.4,1.1,0.4,1.1,1.8,9.6,21,20,3,219,4030,571,1365,200,603,175,209,89,603,277,150,63,241,332,1517,0.418,0.332,0.837,18.4,6.9,2.8,1.3,3909880
"84","marquesechriss",78,"Marquese Chriss\chrisma01",96,"PF",20,"PHO",72,49,21.2,2.8,6.6,0.423,0.8,2.6,0.295,2,4,0.509,0.482,1.3,2.2,0.608,1.1,4.4,5.5,1.2,0.7,1,1.5,2.8,7.7,13,19,2,154,3270,486,1109,128,414,209,339,172,743,143,118,140,215,468,1309,0.438,0.309,0.617,21.2,8.5,4.8,0.9,3007620
"85","maxikleber",134,"Maxi Kleber\klebima01",275,"PF",26,"DAL",72,36,16.8,2.1,4.3,0.489,0.6,1.8,0.313,1.5,2.5,0.613,0.553,0.6,0.8,0.746,1,2.3,3.3,0.7,0.4,0.7,0.4,1.6,5.4,59,26,1,72,1206,151,309,40,128,44,59,71,234,51,26,47,30,114,386,0.489,0.313,0.746,16.8,5.4,3.3,0.7,815615
"86","milosteodosic",137,"Milos Teodosic\teodomi01",474,"PG",30,"LAC",45,36,25.2,3.4,8,0.419,2,5.2,0.379,1.4,2.8,0.492,0.542,0.9,1,0.848,0.4,2.4,2.8,4.6,0.5,0.1,2.2,2.3,9.5,105,30,1,45,1134,151,360,88,232,39,46,16,126,209,23,5,97,103,429,0.419,0.379,0.848,25.2,9.5,2.8,4.6,6150000
"87","montrezlharrell",27,"Montrezl Harrell\harremo01",196,"C",24,"LAC",76,3,17,4.6,7.2,0.635,0,0.1,0.143,4.6,7.1,0.641,0.636,1.8,2.9,0.626,1.4,2.7,4,1,0.5,0.7,0.9,1.9,11,19,22,3,173,2736,631,983,2,15,239,389,209,590,155,67,105,129,317,1503,0.642,0.133,0.614,15.8,8.7,3.4,0.9,1045000
"88","mylesturner",28,"Myles Turner\turnemy01",486,"C",21,"IND",65,62,28.2,4.7,9.8,0.479,0.9,2.4,0.357,3.8,7.4,0.519,0.523,2.5,3.2,0.777,1.4,5,6.4,1.3,0.6,1.8,1.5,2.9,12.7,66,19,3,206,5744,1014,2038,99,286,493,630,300,1338,234,137,376,268,606,2620,0.498,0.346,0.783,27.9,12.7,6.5,1.1,2700451
"89","nemanjabjelica",29,"Nemanja Bjelica\bjeline01",49,"PF",29,"MIN",67,21,20.5,2.6,5.5,0.461,1.1,2.7,0.415,1.4,2.8,0.505,0.563,0.5,0.7,0.8,0.8,3.3,4.1,1.3,0.7,0.2,0.8,2.1,6.8,5,27,3,192,3636,432,962,180,485,121,161,159,728,248,116,57,158,449,1165,0.449,0.371,0.752,18.9,6.1,3.8,1.3,3900000
"90","nikolajokic",30,"Nikola Jokic\jokicni01",263,"C",22,"DEN",75,73,32.6,6.7,13.5,0.499,1.5,3.7,0.396,5.2,9.7,0.538,0.554,3.5,4.2,0.85,2.6,8.1,10.7,6.1,1.2,0.8,2.8,2.8,18.5,30,20,3,228,6214,1305,2464,184,503,608,731,588,2081,1006,230,166,485,634,3402,0.53,0.366,0.832,27.3,14.9,9.1,4.4,1358500
"91","normanpowell",31,"Norman Powell\powelno01",413,"SG",24,"TOR",70,18,15.2,2.1,5.3,0.401,0.8,2.7,0.285,1.4,2.7,0.516,0.472,0.5,0.6,0.821,0.2,1.5,1.7,1.3,0.5,0.2,0.9,1.6,5.5,56,22,3,195,3155,474,1109,145,448,201,251,56,399,218,118,40,168,297,1294,0.427,0.324,0.801,16.2,6.6,2,1.1,846461
"92","oganunoby",138,"OG Anunoby\anunoog01",18,"SF",20,"TOR",74,62,20,2.2,4.7,0.471,1,2.7,0.371,1.2,2,0.604,0.577,0.5,0.8,0.629,0.6,1.9,2.5,0.7,0.7,0.2,0.6,1.8,5.9,5,20,1,74,1481,163,346,73,197,39,62,44,184,55,52,14,45,130,438,0.471,0.371,0.629,20,5.9,2.5,0.7,1798980
"93","pascalsiakam",79,"Pascal Siakam\siakapa01",448,"PF",23,"TOR",81,5,20.7,3.1,6.1,0.508,0.4,1.6,0.22,2.8,4.5,0.612,0.537,0.7,1.1,0.621,1,3.5,4.5,2,0.8,0.5,0.8,2,7.3,73,22,2,136,2538,356,703,30,139,76,119,143,549,176,88,87,100,275,818,0.506,0.216,0.639,18.7,6,4,1.3,1222980
"94","patconnaughton",32,"Pat Connaughton\connapa01",107,"SG",25,"POR",82,5,18.1,2,4.8,0.423,0.9,2.6,0.352,1.1,2.2,0.506,0.518,0.5,0.5,0.841,0.4,1.5,2,1.1,0.3,0.3,0.5,1.5,5.4,11,23,3,155,1947,215,511,96,264,49,58,57,245,129,31,24,70,149,575,0.421,0.364,0.845,12.6,3.7,1.6,0.8,838158
"95","patrickmccaw",80,"Patrick McCaw\mccawpa01",321,"SG",22,"GSW",57,10,16.9,1.6,3.9,0.409,0.3,1.4,0.238,1.3,2.5,0.503,0.451,0.5,0.6,0.765,0.3,1.2,1.4,1.4,0.8,0.2,0.7,1.2,4,52,21,2,128,2035,198,470,60,203,55,71,37,182,158,75,25,77,129,511,0.421,0.296,0.775,15.9,4,1.4,1.2,724360
"96","paulzipser",81,"Paul Zipser\zipsepa01",538,"SF",23,"CHI",54,12,15.3,1.5,4.3,0.346,0.7,2,0.336,0.8,2.3,0.355,0.425,0.4,0.5,0.731,0.2,2.2,2.4,0.9,0.4,0.3,0.8,1.6,4,87,22,2,98,1667,169,455,70,209,50,66,28,256,82,35,31,83,164,458,0.371,0.335,0.758,17,4.7,2.6,0.8,957908
"97","quinncook",82,"Quinn Cook\cookqu01",108,"PG",24,"GSW",33,18,22.4,3.7,7.6,0.484,1.4,3.2,0.442,2.3,4.5,0.514,0.575,0.7,0.8,0.88,0.3,2.2,2.5,2.7,0.4,0,1,1.8,9.5,15,23,2,47,928,155,318,57,130,24,30,11,89,115,16,1,45,72,391,0.487,0.438,0.8,19.7,8.3,1.9,2.4,1428781
"98","rashadvaughn",33,"Rashad Vaughn\vaughra01",492,"SG",21,"TOT",28,0,7.6,0.8,2,0.411,0.5,1.3,0.378,0.3,0.7,0.474,0.536,0.1,0.2,0.667,0.1,0.6,0.8,0.5,0.2,0.1,0.2,0.5,2.3,67,19,3,139,1671,161,478,83,265,18,26,18,158,75,53,29,48,120,423,0.337,0.313,0.692,12,3,1.1,0.5,1811040
"99","raulneto",34,"Raul Neto\netora01",367,"PG",25,"UTA",41,0,12.1,1.7,3.7,0.457,0.5,1.1,0.404,1.2,2.5,0.481,0.52,0.6,0.9,0.743,0.2,1,1.2,1.8,0.3,0.1,0.9,0.9,4.5,47,23,3,162,2343,290,660,93,240,86,114,28,199,283,96,11,160,208,759,0.439,0.388,0.754,14.5,4.7,1.2,1.7,910849
"100","richaunholmes",35,"Richaun Holmes\holmeri01",224,"C",24,"PHI",48,2,15.5,2.8,5,0.56,0.1,0.6,0.129,2.7,4.4,0.624,0.568,0.8,1.2,0.661,1.2,3.2,4.4,1.3,0.4,0.6,0.5,2,6.5,24,22,3,156,2641,479,875,39,152,160,233,213,657,152,81,124,112,325,1157,0.547,0.257,0.687,16.9,7.4,4.2,1,1038249
"101","ronbaker",83,"Ron Baker\bakerro01",27,"SG",24,"NYK",29,1,13.3,0.7,2,0.339,0.4,1.1,0.333,0.3,0.9,0.346,0.432,0.7,0.9,0.769,0.2,0.9,1,1.6,0.9,0.2,0.6,1.1,2.4,2,23,2,81,1242,102,276,34,119,48,69,17,128,154,60,14,74,107,286,0.37,0.286,0.696,15.3,3.5,1.6,1.9,4436200
"102","rondaehollisjefferson",36,"Rondae Hollis-Jefferson\holliro01",223,"SF",23,"BRK",68,59,28.2,5,10.6,0.472,0.2,0.8,0.241,4.8,9.9,0.491,0.481,3.7,4.6,0.788,1.5,5.3,6.8,2.5,1,0.7,1.8,2.1,13.9,23,21,3,175,4296,640,1404,32,135,476,621,236,1065,364,186,108,263,383,1788,0.456,0.237,0.767,24.5,10.2,6.1,2.1,1395600
"103","salahmejri",37,"Salah Mejri\mejrisa01",334,"C",31,"DAL",61,1,12,1.4,2.2,0.642,0,0,0,1.4,2.2,0.657,0.642,0.6,1.1,0.576,1.4,2.6,4,0.6,0.4,1.1,0.6,2,3.5,41,29,3,168,2031,225,352,1,7,101,173,223,677,59,62,164,102,327,552,0.639,0.143,0.584,12.1,3.3,4,0.4,804825
"104","samdekker",38,"Sam Dekker\dekkesa01",126,"PF",23,"LAC",73,1,12.1,1.8,3.5,0.494,0.1,0.8,0.167,1.6,2.7,0.593,0.514,0.5,0.8,0.661,0.6,1.8,2.4,0.5,0.3,0.1,0.5,1,4.2,14,21,3,153,2308,331,688,70,247,75,124,138,459,114,63,30,74,154,807,0.481,0.283,0.605,15.1,5.3,3,0.7,1720520
"105","semiojeleye",140,"Semi Ojeleye\ojelese01",379,"PF",23,"BOS",73,0,15.8,0.9,2.6,0.346,0.5,1.7,0.32,0.3,0.9,0.397,0.452,0.3,0.6,0.61,0.5,1.7,2.2,0.3,0.3,0.1,0.3,1.2,2.7,85,23,1,73,1150,65,188,40,125,25,41,37,161,20,21,4,25,91,195,0.346,0.32,0.61,15.8,2.7,2.2,0.3,1510401
"106","sindariusthornwell",141,"Sindarius Thornwell\thornsi01",481,"SG",23,"LAC",73,17,15.8,1.4,3.2,0.429,0.3,0.8,0.377,1.1,2.4,0.448,0.479,0.8,1.2,0.67,0.5,1.5,1.9,0.9,0.7,0.3,0.7,1.7,3.9,107,23,1,73,1156,100,233,23,61,59,88,33,140,68,48,25,53,125,282,0.429,0.377,0.67,15.8,3.9,1.9,0.9,1270792
"107","skallabissiere",84,"Skal Labissiere\labissk01",282,"PF",21,"SAC",60,28,20.7,3.4,7.6,0.448,0.3,0.9,0.353,3.1,6.8,0.459,0.467,1.6,2,0.805,1.7,3.2,4.8,1.2,0.4,0.8,1.2,2.2,8.7,44,20,2,93,1852,322,676,21,59,147,192,150,450,99,41,62,110,196,812,0.476,0.356,0.766,19.9,8.7,4.8,1.1,1215540
"108","stanleyjohnson",39,"Stanley Johnson\johnsst04",260,"SF",21,"DET",69,50,27.4,3,8.1,0.375,1,3.4,0.286,2.1,4.7,0.439,0.435,1.6,2.1,0.772,0.5,3.2,3.7,1.6,1.4,0.2,1.1,2.4,8.7,29,19,3,219,4952,564,1525,175,593,228,300,127,747,335,206,50,262,468,1531,0.37,0.295,0.76,22.6,7,3.4,1.5,2969880
"109","sterlingbrown",142,"Sterling Brown\brownst02",73,"SG",22,"MIL",54,4,14.4,1.5,3.8,0.4,0.6,1.7,0.352,0.9,2.1,0.439,0.478,0.4,0.4,0.875,0.5,2.1,2.6,0.5,0.6,0.2,0.5,1.5,4,18,22,1,54,776,82,205,32,91,21,24,27,143,25,31,13,25,80,217,0.4,0.352,0.875,14.4,4,2.6,0.5,1270792
"110","terranceferguson",144,"Terrance Ferguson\fergute01",159,"SG",19,"OKC",61,12,12.5,1.1,2.8,0.414,0.7,2,0.333,0.5,0.8,0.612,0.533,0.1,0.2,0.9,0.3,0.5,0.8,0.3,0.4,0.2,0.2,1.4,3.1,35,19,1,61,763,70,169,40,120,9,10,19,47,19,24,10,11,83,189,0.414,0.333,0.9,12.5,3.1,0.8,0.3,1951920
"111","terryrozier",41,"Terry Rozier\roziete01",435,"PG",23,"BOS",80,16,25.9,4,10,0.395,1.9,5,0.381,2,5,0.41,0.491,1.4,1.9,0.772,0.8,3.9,4.7,2.9,1,0.2,1,1.5,11.3,59,21,3,193,3642,496,1317,216,608,174,225,127,666,400,132,31,146,215,1382,0.377,0.355,0.773,18.9,7.2,3.5,2.1,1906440
"112","thonmaker",86,"Thon Maker\makerth01",312,"C",20,"MIL",74,12,16.7,1.8,4.3,0.411,0.4,1.4,0.298,1.3,2.9,0.467,0.46,0.9,1.3,0.699,1,2,3,0.6,0.5,0.7,0.6,2.2,4.8,51,19,2,131,1800,213,497,59,178,97,142,115,339,69,48,79,61,246,582,0.429,0.331,0.683,13.7,4.4,2.6,0.5,2626380
"113","timotheluwawucabarrot",87,"Timothe Luwawu-Cabarrot\luwawti01",306,"SF",22,"PHI",52,7,15.5,1.9,5.1,0.375,1,3,0.335,0.9,2.1,0.431,0.474,0.9,1.1,0.793,0.3,1.1,1.4,1,0.2,0.1,0.7,1.9,5.8,49,21,2,121,1997,245,628,103,319,151,181,39,221,129,44,15,111,251,744,0.39,0.323,0.834,16.5,6.1,1.8,1.1,1356780
"114","tomassatoransky",88,"Tomas Satoransky\satorto01",441,"SG",26,"WAS",73,30,22.5,2.8,5.3,0.523,0.6,1.4,0.465,2.1,3.9,0.544,0.585,1,1.3,0.781,1,2.2,3.2,3.9,0.7,0.2,1.1,1.8,7.2,71,25,2,130,2362,262,531,56,138,98,129,97,316,378,78,21,121,191,678,0.493,0.406,0.76,18.2,5.2,2.4,2.9,3000000
"115","treveongraham",89,"Treveon Graham\grahatr01",182,"SG",24,"CHO",63,2,16.7,1.5,3.5,0.434,0.6,1.5,0.412,0.9,2,0.452,0.525,0.7,0.9,0.695,0.7,1.3,1.9,0.9,0.5,0,0.4,1.7,4.3,30,23,2,90,1239,115,261,49,112,51,74,47,143,65,39,3,30,127,330,0.441,0.438,0.689,13.8,3.7,1.6,0.7,543471
"116","treylyles",42,"Trey Lyles\lylestr01",308,"PF",22,"DEN",73,2,19.1,3.7,7.5,0.491,1.1,3,0.381,2.6,4.5,0.563,0.566,1.4,2,0.697,0.8,4,4.8,1.2,0.4,0.5,0.8,1.5,9.9,35,20,3,224,3931,620,1425,197,550,215,306,162,881,219,82,72,190,322,1652,0.435,0.358,0.703,17.5,7.4,3.9,1,2596512
"117","tylercavanaugh",146,"Tyler Cavanaugh\cavanty01",92,"PF",23,"ATL",39,1,13.3,1.7,3.9,0.441,0.8,2.3,0.36,0.9,1.6,0.556,0.546,0.4,0.5,0.81,1.2,2.1,3.3,0.7,0.2,0.1,0.4,1.6,4.7,21,23,1,39,518,67,152,32,89,17,21,45,127,27,9,4,14,61,183,0.441,0.36,0.81,13.3,4.7,3.3,0.7,815615
"118","tylerdorsey",147,"Tyler Dorsey\dorsety01",134,"SG",21,"ATL",56,5,17.4,2.6,6.8,0.377,1.3,3.6,0.362,1.3,3.3,0.393,0.471,0.8,1.1,0.714,0.3,2,2.3,1.4,0.3,0.1,0.7,1.1,7.2,30,21,1,56,974,144,382,72,199,45,63,17,130,79,17,5,37,63,405,0.377,0.362,0.714,17.4,7.2,2.3,1.4,1096929
"119","tylerulis",90,"Tyler Ulis\ulisty01",488,"PG",22,"PHO",71,43,23.4,3,7.8,0.388,0.6,2.1,0.288,2.4,5.7,0.425,0.426,1.2,1.4,0.832,0.3,1.5,1.8,4.4,1,0.1,1.8,1.7,7.8,77,21,2,132,2781,398,988,63,225,139,172,44,223,537,118,12,204,193,998,0.403,0.28,0.808,21.1,7.6,1.7,4.1,1000000
"120","tyronewallace",148,"Tyrone Wallace\wallaty01",499,"PG",23,"LAC",30,19,28.4,3.7,8.2,0.445,0.3,1.3,0.25,3.3,6.9,0.483,0.466,2,2.6,0.782,0.7,2.8,3.5,2.4,0.9,0.4,1.5,2.8,9.7,108,23,1,30,851,110,247,10,40,61,78,21,105,71,27,13,46,83,291,0.445,0.25,0.782,28.4,9.7,3.5,2.4,815615
"121","tyusjones",43,"Tyus Jones\jonesty01",267,"PG",21,"MIN",82,11,17.9,1.8,4,0.457,0.5,1.6,0.349,1.3,2.4,0.528,0.526,0.9,1,0.877,0.2,1.4,1.6,2.8,1.2,0.1,0.7,1.3,5.1,31,19,3,179,2814,281,665,87,255,132,163,33,246,496,174,14,130,193,781,0.423,0.341,0.81,15.7,4.4,1.4,2.8,1339720
"122","wayneselden",91,"Wayne Selden\seldewa01",445,"SG",23,"MEM",35,9,19.8,3.3,7.7,0.431,1.4,3.5,0.402,1.9,4.2,0.456,0.522,1.3,1.7,0.746,0.5,1.1,1.6,1.9,0.5,0.1,1.5,1.7,9.3,72,22,2,49,928,141,327,56,150,58,81,17,72,79,24,6,66,77,396,0.431,0.373,0.716,18.9,8.1,1.5,1.6,1428781
"123","wesleyiwundu",149,"Wesley Iwundu\iwundwe01",241,"SF",23,"ORL",62,12,16.5,1.5,3.5,0.427,0.1,0.7,0.196,1.4,2.8,0.488,0.447,0.5,0.8,0.723,0.6,1.6,2.2,0.9,0.5,0.2,0.5,1.3,3.7,50,23,1,62,1020,93,218,9,46,34,47,36,137,57,33,12,30,81,229,0.427,0.196,0.723,16.5,3.7,2.2,0.9,1348921
"124","williecauleystein",44,"Willie Cauley-Stein\caulewi01",91,"C",24,"SAC",73,58,28,5.3,10.6,0.502,0,0.2,0.25,5.3,10.4,0.506,0.504,2.1,3.4,0.619,1.8,5.2,7,2.4,1.1,0.9,1.5,2.5,12.8,8,22,3,214,4877,834,1593,3,16,335,523,350,1201,289,178,177,224,478,2006,0.524,0.188,0.641,22.8,9.4,5.6,1.4,3551200
"125","williereed",45,"Willie Reed\reedwi02",425,"C",27,"TOT",42,5,10.2,1.9,2.9,0.669,0,0,0.5,1.9,2.8,0.672,0.674,0.8,1.3,0.582,0.8,2,2.9,0.2,0.2,0.5,0.5,1.3,4.6,57,25,3,152,1885,319,539,2,6,111,198,213,575,46,33,99,66,240,751,0.592,0.333,0.561,12.4,4.9,3.8,0.3,1577230
"126","williereed",46,"Willie Reed\reedwi02",425,"C",27,"LAC",39,5,10.7,2.1,3.1,0.667,0,0.1,0.5,2,3,0.669,0.671,0.8,1.4,0.582,0.9,2.2,3.1,0.2,0.2,0.6,0.5,1.4,4.9,57,25,3,152,1885,319,539,2,6,111,198,213,575,46,33,99,66,240,751,0.592,0.333,0.561,12.4,4.9,3.8,0.3,1577230
"127","willyhernangomez",92,"Willy Hernangomez\hernawi01",212,"C",23,"TOT",48,1,10.3,1.9,3.4,0.555,0.1,0.3,0.417,1.8,3.2,0.566,0.57,1.2,1.9,0.656,1.3,2.5,3.8,0.7,0.4,0.3,0.7,1.3,5.1,34,22,2,120,1819,337,629,9,27,150,215,231,685,129,59,52,135,214,833,0.536,0.333,0.698,15.2,6.9,5.7,1.1,1466125
"128","willyhernangomez",93,"Willy Hernangomez\hernawi01",212,"C",23,"NYK",26,0,9,1.9,3.1,0.605,0,0.2,0.2,1.8,2.9,0.632,0.611,0.5,1.1,0.429,0.8,1.7,2.6,0.8,0.3,0.3,1,1.2,4.3,34,22,2,120,1819,337,629,9,27,150,215,231,685,129,59,52,135,214,833,0.536,0.333,0.698,15.2,6.9,5.7,1.1,1466125
"129","yogiferrell",94,"Yogi Ferrell\ferreyo01",160,"SG",24,"DAL",82,21,27.8,3.8,8.9,0.426,1.6,4.4,0.373,2.2,4.5,0.477,0.518,1,1.3,0.796,0.3,2.7,3,2.5,0.8,0.1,1,1.9,10.2,23,23,2,128,3479,471,1124,202,535,156,192,46,360,373,106,18,148,243,1300,0.419,0.378,0.813,27.2,10.2,2.8,2.9,207798
"130","zachcollins",150,"Zach Collins\colliza01",102,"C",20,"POR",66,1,15.8,1.7,4.4,0.398,0.5,1.7,0.31,1.2,2.7,0.455,0.458,0.4,0.6,0.643,0.7,2.7,3.3,0.8,0.3,0.5,0.9,2,4.4,25,20,1,66,1045,115,289,35,113,27,42,45,221,52,17,31,58,133,292,0.398,0.31,0.643,15.8,4.4,3.3,0.8,3343080
