"","Player","Rk.x","Pos","Age.x","Tm","G.x","GS","MP.x","FG.x","FGA.x","FG%.x","3P.x","3PA.x","3P%.x","2P","2PA","2P%","eFG%","FT.x","FTA.x","FT%.x","ORB.x","DRB","TRB.x","AST.x","STL.x","BLK.x","TOV.x","PF.x","PS/G","Rk.y","Age.y","Yrs","G.y","MP.y","FG.y","FGA.y","3P.y","3PA.y","FT.y","FTA.y","ORB.y","TRB.y","AST.y","STL.y","BLK.y","TOV.y","PF.y","PTS","FG%.y","3P%.y","FT%.y","MP_1","PTS_1","TRB_1","AST_1"
"1","Aaron Gordon\gordoaa01",179,"PF",22,"ORL",58,57,32.9,6.5,14.9,0.434,2,5.9,0.336,4.5,9,0.497,0.5,2.7,3.9,0.698,1.5,6.4,7.9,2.3,1,0.8,1.8,1.9,17.6,28,19,4,263,6867,1135,2517,247,799,486,696,403,1538,447,204,162,300,519,3003,0.451,0.309,0.698,26.1,11.4,5.8,1.7
"2","Andrew Wiggins\wiggian01",514,"SF",22,"MIN",82,82,36.3,6.9,15.9,0.438,1.4,4.1,0.331,5.6,11.7,0.475,0.481,2.5,3.8,0.643,1,3.4,4.4,2,1.1,0.6,1.7,2,17.7,80,19,4,327,11841,2369,5301,311,943,1398,1887,423,1351,683,337,177,684,701,6447,0.447,0.33,0.741,36.2,19.7,4.1,2.1
"3","Bojan Bogdanovic\bogdabo02",55,"SF",28,"IND",80,80,30.8,5.1,10.7,0.474,1.9,4.8,0.402,3.1,5.8,0.534,0.565,2.2,2.6,0.868,0.4,3,3.4,1.5,0.7,0.1,1.3,1.6,14.3,8,25,4,318,8516,1365,3022,519,1372,592,686,153,1015,397,152,29,430,498,3841,0.452,0.378,0.863,26.8,12.1,3.2,1.2
"4","Clint Capela\capelca01",85,"C",23,"HOU",74,74,27.5,6,9.1,0.652,0,0,0,6,9.1,0.653,0.652,1.9,3.5,0.56,3.3,7.6,10.8,0.9,0.8,1.9,1.4,2.5,13.9,12,20,4,228,5146,1048,1665,0,2,322,668,623,1858,180,152,317,255,568,2418,0.629,0,0.482,22.6,10.6,8.1,0.8
"5","Doug McDermott\mcderdo01",326,"SF",26,"DAL",26,3,22.9,3.3,6.9,0.478,1.5,3,0.494,1.8,3.9,0.465,0.586,0.9,1.1,0.857,0.3,2.3,2.5,1.1,0.3,0.2,0.8,1.9,9,50,23,4,264,5458,793,1756,292,724,217,264,103,617,202,50,28,164,357,2095,0.452,0.403,0.822,20.7,7.9,2.3,0.8
"6","Doug McDermott\mcderdo01",326,"SF",26,"TOT",81,4,21.8,2.9,6.3,0.467,1.1,2.7,0.426,1.8,3.6,0.497,0.557,0.8,1,0.79,0.5,2,2.5,1,0.2,0.2,0.7,1.5,7.8,50,23,4,264,5458,793,1756,292,724,217,264,103,617,202,50,28,164,357,2095,0.452,0.403,0.822,20.7,7.9,2.3,0.8
"7","Doug McDermott\mcderdo01",326,"SF",26,"NYK",55,1,21.3,2.7,6,0.46,1,2.5,0.387,1.8,3.5,0.513,0.541,0.7,1,0.755,0.6,1.8,2.4,0.9,0.2,0.2,0.6,1.3,7.2,50,23,4,264,5458,793,1756,292,724,217,264,103,617,202,50,28,164,357,2095,0.452,0.403,0.822,20.7,7.9,2.3,0.8
"8","Dwight Powell\poweldw01",412,"C",26,"DAL",79,25,21.2,3.2,5.4,0.593,0.4,1.1,0.333,2.9,4.4,0.656,0.626,1.7,2.3,0.719,1.7,3.9,5.6,1.2,0.8,0.4,0.7,2.4,8.5,65,23,4,254,4233,626,1170,54,185,370,501,330,1073,193,173,101,144,479,1676,0.535,0.292,0.739,16.7,6.6,4.2,0.8
"9","Elfrid Payton\paytoel01",399,"PG",23,"TOT",63,63,28.7,5.2,10.6,0.493,0.5,1.5,0.326,4.7,9.1,0.52,0.516,1.7,2.7,0.649,1,3.3,4.3,6.2,1.3,0.3,2.7,2.3,12.7,64,20,4,300,8854,1378,3017,111,372,485,783,337,1271,1923,402,102,726,676,3352,0.457,0.298,0.619,29.5,11.2,4.2,6.4
"10","Elfrid Payton\paytoel01",399,"PG",23,"ORL",44,44,28.6,5.4,10.4,0.52,0.6,1.5,0.373,4.8,8.9,0.545,0.547,1.6,2.6,0.632,1.1,2.9,4,6.3,1.5,0.4,2.6,2.2,13,64,20,4,300,8854,1378,3017,111,372,485,783,337,1271,1923,402,102,726,676,3352,0.457,0.298,0.619,29.5,11.2,4.2,6.4
"11","Eric Moreland\moreler01",350,"PF",26,"DET",67,3,12,1,1.8,0.541,0,0,NA,1,1.8,0.541,0.541,0.2,0.4,0.379,1.2,2.9,4.1,1.2,0.5,0.8,0.6,1.7,2.1,55,23,3,78,855,70,129,0,0,13,33,84,290,79,31,55,45,121,153,0.543,NA,0.394,11,2,3.7,1
"12","Gary Harris\harriga01",198,"SG",23,"DEN",67,65,34.4,6.6,13.6,0.485,2.3,5.9,0.396,4.2,7.7,0.553,0.57,2,2.4,0.827,0.6,2.1,2.6,2.9,1.8,0.2,1.8,1.8,17.5,34,20,4,255,7244,1185,2527,389,1049,382,476,160,638,534,329,48,331,425,3141,0.469,0.371,0.803,28.4,12.3,2.5,2.1
"13","Jabari Parker\parkeja01",390,"PF",22,"MIL",31,3,24,5.2,10.7,0.482,1,2.6,0.383,4.2,8.1,0.514,0.529,1.3,1.7,0.741,1.4,3.5,4.9,1.9,0.8,0.3,1.5,1.6,12.6,62,19,4,183,5617,1131,2308,109,310,423,566,294,998,373,175,66,301,357,2794,0.49,0.352,0.747,30.7,15.3,5.5,2
"14","James Ennis\ennisja01",148,"SF",27,"TOT",72,22,22.3,2.5,5.3,0.474,0.7,2.1,0.333,1.8,3.2,0.567,0.54,1.3,1.6,0.836,1,2.1,3.1,1,0.7,0.3,0.8,1.9,7.1,23,24,4,220,4485,483,1065,159,443,287,354,214,701,204,134,59,173,416,1412,0.454,0.359,0.811,20.4,6.4,3.2,0.9
"15","James Ennis\ennisja01",148,"SF",27,"DET",27,8,20.4,2.7,6,0.457,0.8,2.6,0.304,2,3.4,0.57,0.522,1.2,1.6,0.767,0.7,1.7,2.5,0.8,0.6,0.2,0.7,2,7.5,23,24,4,220,4485,483,1065,159,443,287,354,214,701,204,134,59,173,416,1412,0.454,0.359,0.811,20.4,6.4,3.2,0.9
"16","James Ennis\ennisja01",148,"SF",27,"MEM",45,14,23.4,2.4,4.9,0.486,0.7,1.9,0.357,1.7,3.1,0.565,0.554,1.4,1.6,0.877,1.2,2.3,3.5,1.1,0.7,0.3,0.8,1.8,6.9,23,24,4,220,4485,483,1065,159,443,287,354,214,701,204,134,59,173,416,1412,0.454,0.359,0.811,20.4,6.4,3.2,0.9
"17","JaMychal Green\greenja01",189,"PF",27,"MEM",55,54,28,4.1,8.9,0.457,0.8,2.3,0.339,3.3,6.6,0.499,0.501,1.5,2,0.721,2.7,5.8,8.4,1.4,0.6,0.5,1.4,2.8,10.3,32,24,4,234,5253,730,1530,113,323,325,425,472,1426,234,130,97,267,615,1898,0.477,0.35,0.765,22.4,8.1,6.1,1
"18","Jerami Grant\grantje01",183,"PF",23,"OKC",81,1,20.3,3,5.6,0.535,0.4,1.4,0.291,2.6,4.3,0.613,0.57,2,3,0.675,1.1,2.9,3.9,0.7,0.4,1,0.7,1.9,8.4,30,20,4,303,6621,771,1735,159,528,578,902,272,1083,317,158,351,293,664,2279,0.444,0.301,0.641,21.9,7.5,3.6,1
"19","Joe Harris\harrijo01",199,"SG",26,"BRK",78,14,25.3,3.9,8,0.491,1.9,4.6,0.419,2,3.4,0.589,0.612,1.1,1.3,0.827,0.7,2.7,3.3,1.6,0.4,0.3,1.2,2,10.8,35,23,4,186,3621,508,1107,267,667,130,168,74,451,210,72,30,174,337,1413,0.459,0.4,0.774,19.5,7.6,2.4,1.1
"20","Joe Ingles\inglejo01",236,"SF",30,"UTA",82,81,31.4,4.1,8.8,0.467,2.5,5.7,0.44,1.6,3.1,0.516,0.609,0.8,1,0.795,0.3,3.9,4.2,4.8,1.1,0.2,1.9,2.2,11.5,37,27,4,324,7464,810,1814,480,1155,159,209,88,931,895,313,42,429,563,2259,0.447,0.416,0.761,23,7,2.9,2.8
"21","Joffrey Lauvergne\lauvejo01",285,"C",26,"SAS",55,1,9.7,1.8,3.5,0.516,0,0.1,0,1.8,3.4,0.53,0.516,0.5,0.9,0.638,1.1,2,3.1,0.7,0.2,0.1,0.6,0.8,4.1,44,23,4,208,2823,477,995,49,172,156,217,239,789,180,55,34,165,286,1159,0.479,0.285,0.719,13.6,5.6,3.8,0.9
"22","Johnny O'Bryant\obryajo01",376,"PF",24,"CHO",36,0,10.5,1.9,4.8,0.398,0.4,1.2,0.326,1.5,3.6,0.422,0.439,0.6,0.7,0.84,0.8,1.8,2.6,0.4,0.3,0.2,0.4,1.3,4.8,60,21,4,147,1684,213,530,18,50,65,98,129,352,69,32,19,77,199,509,0.402,0.36,0.663,11.5,3.5,2.4,0.5
"23","Jordan Clarkson\clarkjo01",98,"SG",25,"TOT",81,2,23.3,5.3,11.8,0.451,1.4,3.9,0.352,3.9,7.9,0.5,0.509,1.9,2.3,0.8,0.7,2,2.7,2.7,0.7,0.1,1.6,1.3,13.9,15,22,4,301,8313,1649,3719,378,1115,581,720,255,967,832,285,33,522,534,4257,0.443,0.339,0.807,27.6,14.1,3.2,2.8
"24","Jordan Clarkson\clarkjo01",98,"SG",25,"CLE",28,0,22.6,4.7,10.3,0.456,1.6,3.9,0.407,3.1,6.4,0.486,0.533,1.7,2.1,0.81,0.5,1.6,2.1,1.7,0.7,0.1,1.1,1.6,12.6,15,22,4,301,8313,1649,3719,378,1115,581,720,255,967,832,285,33,522,534,4257,0.443,0.339,0.807,27.6,14.1,3.2,2.8
"25","Jordan Clarkson\clarkjo01",98,"SG",25,"LAL",53,2,23.7,5.6,12.6,0.448,1.3,4,0.324,4.4,8.6,0.505,0.499,2,2.5,0.795,0.8,2.2,3,3.3,0.7,0.1,1.8,1.2,14.5,15,22,4,301,8313,1649,3719,378,1115,581,720,255,967,832,285,33,522,534,4257,0.443,0.339,0.807,27.6,14.1,3.2,2.8
"26","Julius Randle\randlju01",420,"C",23,"LAL",82,49,26.7,6.1,11,0.558,0.1,0.5,0.222,6,10.5,0.575,0.563,3.7,5.2,0.718,2.2,5.8,8,2.6,0.5,0.5,2.6,3.3,16.1,66,20,4,238,6622,1240,2515,37,144,702,979,503,2118,618,145,111,536,765,3219,0.493,0.257,0.717,27.8,13.5,8.9,2.6
"27","Jusuf Nurkic\nurkiju01",374,"C",23,"POR",79,79,26.4,6.1,12,0.505,0,0.1,0,6.1,11.9,0.508,0.505,2.2,3.5,0.63,2.4,6.6,9,1.8,0.8,1.4,2.3,3.1,14.3,59,20,4,238,5129,1023,2110,0,13,437,714,533,1732,356,190,297,467,706,2483,0.485,0,0.612,21.6,10.4,7.3,1.5
"28","Kyle Anderson\anderky01",13,"SF",24,"SAS",74,67,26.7,3.1,5.9,0.527,0.3,0.8,0.333,2.9,5.1,0.556,0.549,1.4,2,0.712,1.1,4.2,5.4,2.7,1.6,0.8,1.3,1.5,7.9,3,21,4,257,4601,493,1031,49,145,220,300,147,920,444,241,122,202,302,1255,0.478,0.338,0.733,17.9,4.9,3.6,1.7
"29","Langston Galloway\gallola01",169,"SG",26,"DET",58,2,14.9,2.2,5.9,0.371,1.3,3.8,0.344,0.9,2.1,0.418,0.481,0.6,0.7,0.805,0.2,1.4,1.6,1,0.6,0.1,0.3,0.7,6.2,27,23,4,259,5848,768,1984,334,926,233,297,120,726,508,210,45,186,441,2103,0.387,0.361,0.785,22.6,8.1,2.8,2
"30","Lucas Nogueira\noguelu01",371,"C",25,"TOR",49,3,8.5,1,1.6,0.613,0.1,0.4,0.263,0.9,1.2,0.721,0.644,0.4,0.6,0.679,0.4,1.4,1.8,0.4,0.5,0.9,0.3,1,2.5,58,22,4,141,1754,182,288,9,34,73,114,120,388,72,89,144,75,221,446,0.632,0.265,0.64,12.4,3.2,2.8,0.5
"31","Marcus Smart\smartma01",454,"SG",23,"BOS",54,11,29.9,3.5,9.5,0.367,1.4,4.6,0.301,2.1,4.9,0.429,0.44,1.8,2.5,0.729,0.8,2.7,3.5,4.8,1.3,0.4,2.4,2.5,10.2,70,20,4,261,7488,817,2270,321,1094,511,676,258,971,1016,386,93,458,684,2466,0.36,0.293,0.756,28.7,9.4,3.7,3.9
"32","Nerlens Noel\noelne01",370,"C",23,"DAL",30,6,15.7,1.8,3.5,0.524,0,0,0,1.8,3.5,0.529,0.524,0.7,0.9,0.75,1.6,4,5.6,0.7,1,0.7,0.9,2,4.4,57,20,4,223,5795,847,1654,1,4,372,596,480,1615,320,347,314,381,585,2067,0.512,0.25,0.624,26,9.3,7.2,1.4
"33","Nik Stauskas\stausni01",462,"SG",24,"BRK",35,0,13.7,1.7,4.3,0.393,1.1,2.8,0.404,0.5,1.5,0.373,0.527,0.5,0.8,0.704,0.1,1.7,1.8,1.1,0.1,0.1,0.6,0.6,5.1,72,21,4,267,5647,629,1629,326,933,289,361,59,561,432,118,73,288,375,1873,0.386,0.349,0.801,21.1,7,2.1,1.6
"34","Nik Stauskas\stausni01",462,"SG",24,"TOT",41,0,12.8,1.5,3.8,0.39,1,2.4,0.4,0.5,1.3,0.37,0.519,0.5,0.7,0.724,0.1,1.5,1.6,1,0.2,0.1,0.6,0.6,4.4,72,21,4,267,5647,629,1629,326,933,289,361,59,561,432,118,73,288,375,1873,0.386,0.349,0.801,21.1,7,2.1,1.6
"35","Nikola Mirotic\mirotni01",342,"PF",26,"TOT",55,14,27.2,5.6,12.4,0.447,2.5,6.5,0.377,3.1,5.9,0.525,0.546,2,2.5,0.818,1.1,6.3,7.4,1.5,0.8,0.7,1.1,2,15.6,54,23,4,273,6473,1065,2542,498,1394,585,730,241,1555,352,209,194,333,559,3213,0.419,0.357,0.801,23.7,11.8,5.7,1.3
"36","Nikola Mirotic\mirotni01",342,"PF",26,"NOP",30,11,29.1,5.4,12.7,0.427,2.2,6.6,0.335,3.2,6.2,0.524,0.513,1.6,1.9,0.81,1.4,6.8,8.2,1.4,1,0.9,1,2.1,14.6,54,23,4,273,6473,1065,2542,498,1394,585,730,241,1555,352,209,194,333,559,3213,0.419,0.357,0.801,23.7,11.8,5.7,1.3
"37","Noah Vonleh\vonleno01",493,"PF",22,"POR",33,12,14.4,1.4,2.9,0.49,0.1,0.2,0.333,1.4,2.7,0.5,0.5,0.7,0.9,0.742,1.1,4,5.1,0.4,0.2,0.3,0.5,1.3,3.6,75,19,4,231,3573,381,858,43,145,152,229,320,1089,99,80,79,156,394,957,0.444,0.297,0.664,15.5,4.1,4.7,0.4
"38","Noah Vonleh\vonleno01",493,"PF",22,"TOT",54,16,16.2,1.9,4.3,0.444,0.4,1.2,0.303,1.6,3.1,0.5,0.487,0.7,1.1,0.621,1.3,4.5,5.8,0.6,0.4,0.3,0.6,1.3,4.9,75,19,4,231,3573,381,858,43,145,152,229,320,1089,99,80,79,156,394,957,0.444,0.297,0.664,15.5,4.1,4.7,0.4
"39","Rodney Hood\hoodro01",225,"SG",25,"UTA",39,12,27.8,6,14.2,0.424,2.6,6.7,0.389,3.4,7.4,0.455,0.516,2.2,2.5,0.876,0.4,2.5,2.8,1.7,0.8,0.2,1.6,1.6,16.8,36,22,4,248,6814,1157,2763,464,1259,434,524,85,751,487,186,51,305,558,3212,0.419,0.369,0.828,27.5,13,3,2
"40","Rodney Hood\hoodro01",225,"SG",25,"TOT",60,23,26.9,5.4,12.5,0.429,2.1,5.6,0.381,3.3,7,0.467,0.513,1.9,2.2,0.86,0.4,2.4,2.8,1.6,0.8,0.2,1.2,1.8,14.7,36,22,4,248,6814,1157,2763,464,1259,434,524,85,751,487,186,51,305,558,3212,0.419,0.369,0.828,27.5,13,3,2
"41","Sean Kilpatrick\kilpase01",274,"SG",28,"TOT",52,1,12.3,2.1,5.7,0.374,0.9,2.8,0.319,1.2,2.9,0.427,0.452,1.2,1.4,0.889,0.1,1.6,1.7,0.9,0.3,0.1,0.7,0.6,6.3,42,25,4,157,3082,545,1319,194,579,332,385,40,429,236,73,13,206,191,1616,0.413,0.335,0.862,19.6,10.3,2.7,1.5
"42","Shabazz Napier\napiesh01",365,"PG",26,"POR",74,10,20.7,3,7.2,0.42,1.1,2.9,0.376,1.9,4.2,0.45,0.497,1.6,1.9,0.841,0.4,1.9,2.3,2,1.1,0.2,1.2,1.1,8.7,56,23,4,233,3659,451,1143,193,532,231,288,60,399,444,176,21,258,236,1326,0.395,0.363,0.802,15.7,5.7,1.7,1.9
"43","Spencer Dinwiddie\dinwisp01",133,"PG",24,"BRK",80,58,28.8,4.1,10.5,0.387,1.8,5.4,0.326,2.3,5.1,0.452,0.471,2.7,3.4,0.813,0.5,2.7,3.2,6.6,0.9,0.3,1.6,2.3,12.6,19,21,4,185,4254,528,1363,192,609,394,494,75,488,835,134,52,234,378,1642,0.387,0.315,0.798,23,8.9,2.6,4.5
"44","T.J. Warren\warretj01",503,"SF",24,"PHO",65,65,33,8.1,16.4,0.498,0.3,1.4,0.222,7.8,15,0.523,0.507,3,3.9,0.757,1.9,3.2,5.1,1.3,1,0.6,1.3,2.3,19.6,76,21,4,218,5874,1266,2532,79,279,371,492,348,904,229,196,105,201,469,2982,0.5,0.283,0.754,26.9,13.7,4.1,1.1
"45","Tarik Black\blackta01",50,"C",26,"HOU",51,2,10.5,1.5,2.5,0.591,0,0.2,0.091,1.5,2.3,0.638,0.594,0.6,1.2,0.46,1.2,2,3.2,0.3,0.4,0.6,0.7,2.1,3.5,7,23,4,220,3319,439,798,2,14,195,335,393,1031,110,83,116,163,516,1075,0.55,0.143,0.582,15.1,4.9,4.7,0.5
"46","Tim Frazier\fraziti01",165,"PG",27,"WAS",59,11,14.2,1.2,2.9,0.395,0.3,0.9,0.304,0.9,2,0.44,0.445,0.4,0.5,0.767,0.3,1.6,1.9,3.3,0.8,0.1,1,1.6,3,26,24,4,186,3343,348,866,78,249,184,254,84,426,751,144,15,248,329,958,0.402,0.313,0.724,18,5.2,2.3,4
"47","Tyler Ennis\ennisty01",149,"PG",23,"LAL",54,11,12.6,1.7,4.1,0.42,0.3,1,0.25,1.5,3.1,0.476,0.451,0.4,0.5,0.759,0.4,1.4,1.8,1.9,0.6,0.2,0.7,1.4,4.1,24,20,4,186,2336,320,763,66,208,73,95,48,250,359,98,18,171,233,779,0.419,0.317,0.768,12.6,4.2,1.3,1.9
"48","Tyler Johnson\johnsty01",261,"PG",25,"MIA",72,39,28.5,4.3,9.9,0.435,1.7,4.5,0.367,2.6,5.4,0.491,0.518,1.5,1.8,0.822,0.5,3,3.4,2.3,0.8,0.5,1.1,2.1,11.7,41,22,4,213,5696,854,1945,257,693,384,494,126,731,519,201,101,248,432,2349,0.439,0.371,0.777,26.7,11,3.4,2.4
"49","Boban Marjanovic\marjabo01",313,"C",29,"TOT",39,1,8.6,2,3.8,0.534,0,0,NA,2,3.8,0.534,0.534,2,2.5,0.794,1.2,2.5,3.7,0.6,0.3,0.3,0.9,1.3,6,36,27,3,128,1138,256,454,0,0,211,269,167,468,52,28,46,75,130,723,0.564,NA,0.784,8.9,5.6,3.7,0.4
"50","Bobby Portis\portibo01",410,"PF",22,"CHI",73,4,22.5,5.2,11.1,0.471,1.1,3.1,0.359,4.1,8.1,0.514,0.52,1.6,2.1,0.769,2.2,4.6,6.8,1.7,0.7,0.3,1.4,1.8,13.2,54,20,3,199,3745,751,1622,128,371,207,281,357,1131,210,91,56,194,324,1837,0.463,0.345,0.737,18.8,9.2,5.7,1.1
"51","Cristiano Felicio\feliccr01",157,"C",25,"CHI",55,16,17.8,2.3,3.9,0.591,0,0,0,2.3,3.9,0.596,0.591,1,1.5,0.667,1.5,2.7,4.2,1,0.3,0.2,1,1.9,5.6,17,23,3,152,2338,295,508,0,6,139,209,237,646,121,47,41,100,245,729,0.581,0,0.665,15.4,4.8,4.3,0.8
"52","D'Angelo Russell\russeda01",437,"PG",21,"BRK",48,35,25.7,5.8,14,0.414,1.9,5.8,0.324,3.9,8.2,0.477,0.481,2,2.7,0.74,0.6,3.3,3.9,5.2,0.8,0.4,3.1,1.9,15.5,60,19,3,191,5304,1021,2495,355,1032,384,509,108,684,818,216,46,519,365,2781,0.409,0.344,0.754,27.8,14.6,3.6,4.3
"53","Delon Wright\wrighde01",530,"PG",25,"TOR",69,4,20.8,2.9,6.3,0.465,0.8,2.2,0.366,2.1,4,0.52,0.53,1.4,1.7,0.829,0.7,2.2,2.9,2.9,1,0.5,1.1,1.2,8,72,23,3,123,2108,286,628,71,196,165,207,69,283,288,107,47,119,119,808,0.455,0.362,0.797,17.1,6.6,2.3,2.3
"54","Devin Booker\bookede01",58,"SG",21,"PHO",54,54,34.5,8.4,19.5,0.432,2.7,7.1,0.383,5.7,12.4,0.46,0.501,5.4,6.1,0.878,0.5,4,4.5,4.7,0.9,0.3,3.6,3.1,24.9,6,19,3,208,6703,1428,3352,393,1078,871,1026,99,680,721,163,55,595,635,4120,0.426,0.365,0.849,32.2,19.8,3.3,3.5
"55","Emmanuel Mudiay\mudiaem01",357,"PG",21,"DEN",42,0,17.9,3.1,7.7,0.401,0.9,2.4,0.373,2.2,5.2,0.414,0.46,1.5,1.9,0.808,0.4,1.9,2.2,2.9,0.5,0.1,1.7,1.1,8.5,44,19,3,187,4719,741,1982,177,558,369,505,87,562,795,147,59,453,316,2028,0.374,0.317,0.731,25.2,10.8,3,4.3
"56","Emmanuel Mudiay\mudiaem01",357,"PG",21,"TOT",64,14,19.5,3.2,8.2,0.388,0.7,2.3,0.318,2.5,5.9,0.415,0.433,1.5,2,0.76,0.4,2,2.4,3.2,0.6,0.2,1.8,1.3,8.6,44,19,3,187,4719,741,1982,177,558,369,505,87,562,795,147,59,453,316,2028,0.374,0.317,0.731,25.2,10.8,3,4.3
"57","Frank Kaminsky\kaminfr01",270,"PF",24,"CHO",79,4,23.2,3.9,9.1,0.429,1.3,3.5,0.38,2.6,5.6,0.459,0.501,2,2.5,0.799,0.6,3.1,3.6,1.6,0.5,0.2,0.8,1.2,11.1,32,22,3,235,5497,842,2043,288,830,381,498,172,959,389,120,96,200,360,2353,0.412,0.347,0.765,23.4,10,4.1,1.7
"58","Jahlil Okafor\okafoja01",381,"C",22,"BRK",26,0,12.6,2.8,5,0.566,0,0.2,0.25,2.8,4.8,0.576,0.57,0.7,1,0.76,0.7,2.3,2.9,0.4,0.1,0.6,0.7,1.7,6.4,49,20,3,131,3078,716,1390,2,10,260,381,224,698,135,45,128,236,313,1694,0.515,0.2,0.682,23.5,12.9,5.3,1
"59","Jahlil Okafor\okafoja01",381,"C",22,"TOT",28,0,12.6,2.8,4.9,0.558,0,0.1,0.25,2.7,4.8,0.567,0.562,0.8,1,0.724,0.8,2.3,3,0.4,0.1,0.6,0.8,1.8,6.3,49,20,3,131,3078,716,1390,2,10,260,381,224,698,135,45,128,236,313,1694,0.515,0.2,0.682,23.5,12.9,5.3,1
"60","Jarell Martin\martija01",315,"PF",23,"MEM",73,36,22.8,3,6.8,0.446,0.5,1.3,0.347,2.6,5.5,0.47,0.48,1.2,1.6,0.767,1.3,3,4.4,1,0.5,0.7,1.2,2.9,7.7,37,21,3,142,2599,333,763,43,125,174,228,178,566,96,64,65,133,360,883,0.436,0.344,0.763,18.3,6.2,4,0.7
"61","Jerian Grant\grantje02",184,"PG",25,"CHI",74,26,22.8,2.8,6.8,0.415,0.8,2.5,0.324,2,4.3,0.468,0.475,1.9,2.5,0.745,0.4,1.9,2.3,4.6,0.9,0.1,1.2,1.8,8.4,18,23,3,213,3979,491,1196,132,422,301,384,71,426,640,160,26,220,322,1415,0.411,0.313,0.784,18.7,6.6,2,3
"62","Joe Young\youngjo01",533,"PG",25,"IND",53,1,10.5,1.5,3.5,0.43,0.5,1.2,0.379,1,2.3,0.458,0.497,0.4,0.5,0.759,0.2,1,1.2,0.7,0.3,0,0.5,0.7,3.9,73,23,3,127,1077,168,427,40,135,53,69,19,130,119,33,1,64,74,429,0.393,0.296,0.768,8.5,3.4,1,0.9
"63","Jonathon Simmons\simmojo02",451,"SG",28,"ORL",69,50,29.4,5.1,11,0.465,1,3,0.338,4.1,8.1,0.512,0.511,2.7,3.5,0.768,0.9,2.6,3.5,2.5,0.8,0.2,2.1,2.5,13.9,61,26,3,202,4234,653,1424,117,353,353,465,97,495,355,129,46,275,424,1776,0.459,0.331,0.759,21,8.8,2.5,1.8
"64","Josh Huestis\huestjo01",230,"PF",26,"OKC",69,10,14.2,0.9,2.6,0.33,0.5,1.7,0.287,0.4,1,0.403,0.42,0.1,0.3,0.3,0.6,1.7,2.3,0.3,0.2,0.6,0.4,1.2,2.3,26,24,3,76,1068,71,205,39,125,6,25,48,180,23,16,48,29,85,187,0.346,0.312,0.24,14.1,2.5,2.4,0.3
"65","Josh Richardson\richajo01",426,"SF",24,"MIA",81,81,33.2,4.9,10.9,0.451,1.6,4.1,0.378,3.4,6.8,0.495,0.523,1.5,1.8,0.845,0.9,2.7,3.5,2.9,1.5,0.9,1.7,2.5,12.9,58,22,3,186,5410,724,1670,255,678,222,282,125,560,444,217,139,240,438,1925,0.434,0.376,0.787,29.1,10.3,3,2.4
"66","Justin Anderson\anderju01",12,"SF",24,"PHI",38,0,13.7,2.3,5.3,0.431,0.9,2.7,0.33,1.4,2.6,0.535,0.515,0.7,1,0.737,0.7,1.8,2.4,0.7,0.4,0.2,0.4,1.4,6.2,2,22,3,168,2394,344,816,114,380,174,222,112,470,120,75,55,106,208,976,0.422,0.3,0.784,14.3,5.8,2.8,0.7
"67","Justise Winslow\winslju01",526,"PF",21,"MIA",68,25,24.7,3,7.2,0.424,0.7,1.9,0.38,2.3,5.3,0.44,0.474,1,1.5,0.635,0.9,4.5,5.4,2.2,0.8,0.5,1.1,2.1,7.8,70,19,3,164,4537,482,1175,88,280,175,268,168,866,331,148,65,205,376,1227,0.41,0.314,0.653,27.7,7.5,5.3,2
"68","Karl-Anthony Towns\townska01",483,"C",22,"MIN",82,82,35.6,7.8,14.3,0.545,1.5,3.5,0.421,6.3,10.8,0.585,0.596,4.2,4.9,0.858,2.9,9.4,12.3,2.4,0.8,1.4,1.9,3.5,21.3,65,20,3,246,8575,2066,3805,251,648,924,1105,763,2877,580,178,356,554,771,5307,0.543,0.387,0.836,34.9,21.6,11.7,2.4
"69","Kelly Oubre\oubreke01",386,"SF",22,"WAS",81,11,27.5,3.9,9.8,0.403,1.6,4.6,0.341,2.4,5.2,0.456,0.482,2.4,2.9,0.82,0.7,3.8,4.5,1.2,1,0.4,1.1,2.9,11.8,50,20,3,223,4507,594,1443,205,636,297,381,145,757,158,160,59,174,529,1690,0.412,0.322,0.78,20.2,7.6,3.4,0.7
"70","Kevon Looney\looneke01",301,"C",21,"GSW",66,4,13.8,1.7,2.9,0.58,0,0.1,0.2,1.7,2.8,0.59,0.583,0.6,1.2,0.545,1.3,2,3.3,0.6,0.5,0.8,0.5,1.6,4,34,19,3,124,1378,172,307,4,16,63,111,131,349,71,49,73,49,172,411,0.56,0.25,0.568,11.1,3.3,2.8,0.6
"71","Kristaps Porzingis\porzikr01",411,"PF",22,"NYK",48,48,32.4,8.1,18.5,0.439,1.9,4.8,0.395,6.3,13.8,0.454,0.489,4.5,5.7,0.793,1.3,5.3,6.6,1.2,0.8,2.4,1.9,2.9,22.7,55,20,3,186,5764,1206,2760,283,785,617,767,305,1317,248,136,378,332,590,3312,0.437,0.361,0.804,31,17.8,7.1,1.3
"72","Larry Nance\nancela02",364,"C",25,"LAL",42,17,22,3.6,6,0.601,0,0.1,0.25,3.6,5.9,0.606,0.603,1.3,2.1,0.632,2.6,4.2,6.8,1.4,1.4,0.5,1,2.7,8.6,46,23,3,192,4129,588,1074,13,58,182,264,382,1133,222,224,100,148,445,1371,0.547,0.224,0.689,21.5,7.1,5.9,1.2
"73","Larry Nance\nancela02",364,"C",25,"TOT",66,27,21.5,3.6,6.3,0.581,0,0.2,0.167,3.6,6.1,0.594,0.584,1.4,2.1,0.664,2.4,4.4,6.8,1.2,1.3,0.6,0.8,2.6,8.7,46,23,3,192,4129,588,1074,13,58,182,264,382,1133,222,224,100,148,445,1371,0.547,0.224,0.689,21.5,7.1,5.9,1.2
"74","Mario Hezonja\hezonma01",213,"SF",22,"ORL",75,30,22.1,3.6,8.2,0.442,1.2,3.6,0.337,2.4,4.7,0.523,0.515,1.1,1.4,0.819,0.5,3.2,3.7,1.4,1.1,0.4,1.1,1.8,9.6,21,20,3,219,4030,571,1365,200,603,175,209,89,603,277,150,63,241,332,1517,0.418,0.332,0.837,18.4,6.9,2.8,1.3
"75","Montrezl Harrell\harremo01",196,"C",24,"LAC",76,3,17,4.6,7.2,0.635,0,0.1,0.143,4.6,7.1,0.641,0.636,1.8,2.9,0.626,1.4,2.7,4,1,0.5,0.7,0.9,1.9,11,19,22,3,173,2736,631,983,2,15,239,389,209,590,155,67,105,129,317,1503,0.642,0.133,0.614,15.8,8.7,3.4,0.9
"76","Myles Turner\turnemy01",486,"C",21,"IND",65,62,28.2,4.7,9.8,0.479,0.9,2.4,0.357,3.8,7.4,0.519,0.523,2.5,3.2,0.777,1.4,5,6.4,1.3,0.6,1.8,1.5,2.9,12.7,66,19,3,206,5744,1014,2038,99,286,493,630,300,1338,234,137,376,268,606,2620,0.498,0.346,0.783,27.9,12.7,6.5,1.1
"77","Nemanja Bjelica\bjeline01",49,"PF",29,"MIN",67,21,20.5,2.6,5.5,0.461,1.1,2.7,0.415,1.4,2.8,0.505,0.563,0.5,0.7,0.8,0.8,3.3,4.1,1.3,0.7,0.2,0.8,2.1,6.8,5,27,3,192,3636,432,962,180,485,121,161,159,728,248,116,57,158,449,1165,0.449,0.371,0.752,18.9,6.1,3.8,1.3
"78","Nikola Jokic\jokicni01",263,"C",22,"DEN",75,73,32.6,6.7,13.5,0.499,1.5,3.7,0.396,5.2,9.7,0.538,0.554,3.5,4.2,0.85,2.6,8.1,10.7,6.1,1.2,0.8,2.8,2.8,18.5,30,20,3,228,6214,1305,2464,184,503,608,731,588,2081,1006,230,166,485,634,3402,0.53,0.366,0.832,27.3,14.9,9.1,4.4
"79","Norman Powell\powelno01",413,"SG",24,"TOR",70,18,15.2,2.1,5.3,0.401,0.8,2.7,0.285,1.4,2.7,0.516,0.472,0.5,0.6,0.821,0.2,1.5,1.7,1.3,0.5,0.2,0.9,1.6,5.5,56,22,3,195,3155,474,1109,145,448,201,251,56,399,218,118,40,168,297,1294,0.427,0.324,0.801,16.2,6.6,2,1.1
"80","Pat Connaughton\connapa01",107,"SG",25,"POR",82,5,18.1,2,4.8,0.423,0.9,2.6,0.352,1.1,2.2,0.506,0.518,0.5,0.5,0.841,0.4,1.5,2,1.1,0.3,0.3,0.5,1.5,5.4,11,23,3,155,1947,215,511,96,264,49,58,57,245,129,31,24,70,149,575,0.421,0.364,0.845,12.6,3.7,1.6,0.8
"81","Rashad Vaughn\vaughra01",492,"SG",21,"TOT",28,0,7.6,0.8,2,0.411,0.5,1.3,0.378,0.3,0.7,0.474,0.536,0.1,0.2,0.667,0.1,0.6,0.8,0.5,0.2,0.1,0.2,0.5,2.3,67,19,3,139,1671,161,478,83,265,18,26,18,158,75,53,29,48,120,423,0.337,0.313,0.692,12,3,1.1,0.5
"82","Raul Neto\netora01",367,"PG",25,"UTA",41,0,12.1,1.7,3.7,0.457,0.5,1.1,0.404,1.2,2.5,0.481,0.52,0.6,0.9,0.743,0.2,1,1.2,1.8,0.3,0.1,0.9,0.9,4.5,47,23,3,162,2343,290,660,93,240,86,114,28,199,283,96,11,160,208,759,0.439,0.388,0.754,14.5,4.7,1.2,1.7
"83","Richaun Holmes\holmeri01",224,"C",24,"PHI",48,2,15.5,2.8,5,0.56,0.1,0.6,0.129,2.7,4.4,0.624,0.568,0.8,1.2,0.661,1.2,3.2,4.4,1.3,0.4,0.6,0.5,2,6.5,24,22,3,156,2641,479,875,39,152,160,233,213,657,152,81,124,112,325,1157,0.547,0.257,0.687,16.9,7.4,4.2,1
"84","Rondae Hollis-Jefferson\holliro01",223,"SF",23,"BRK",68,59,28.2,5,10.6,0.472,0.2,0.8,0.241,4.8,9.9,0.491,0.481,3.7,4.6,0.788,1.5,5.3,6.8,2.5,1,0.7,1.8,2.1,13.9,23,21,3,175,4296,640,1404,32,135,476,621,236,1065,364,186,108,263,383,1788,0.456,0.237,0.767,24.5,10.2,6.1,2.1
"85","Salah Mejri\mejrisa01",334,"C",31,"DAL",61,1,12,1.4,2.2,0.642,0,0,0,1.4,2.2,0.657,0.642,0.6,1.1,0.576,1.4,2.6,4,0.6,0.4,1.1,0.6,2,3.5,41,29,3,168,2031,225,352,1,7,101,173,223,677,59,62,164,102,327,552,0.639,0.143,0.584,12.1,3.3,4,0.4
"86","Sam Dekker\dekkesa01",126,"PF",23,"LAC",73,1,12.1,1.8,3.5,0.494,0.1,0.8,0.167,1.6,2.7,0.593,0.514,0.5,0.8,0.661,0.6,1.8,2.4,0.5,0.3,0.1,0.5,1,4.2,14,21,3,153,2308,331,688,70,247,75,124,138,459,114,63,30,74,154,807,0.481,0.283,0.605,15.1,5.3,3,0.7
"87","Stanley Johnson\johnsst04",260,"SF",21,"DET",69,50,27.4,3,8.1,0.375,1,3.4,0.286,2.1,4.7,0.439,0.435,1.6,2.1,0.772,0.5,3.2,3.7,1.6,1.4,0.2,1.1,2.4,8.7,29,19,3,219,4952,564,1525,175,593,228,300,127,747,335,206,50,262,468,1531,0.37,0.295,0.76,22.6,7,3.4,1.5
"88","T.J. McConnell\mccontj01",323,"PG",25,"PHI",76,1,22.4,2.8,5.5,0.499,0.4,0.8,0.435,2.4,4.7,0.51,0.531,0.4,0.5,0.795,0.5,2.5,3,4,1.2,0.2,1.5,1.6,6.3,38,23,3,238,5445,664,1397,69,206,130,170,119,727,1204,321,33,411,375,1527,0.475,0.335,0.765,22.9,6.4,3.1,5.1
"89","Terry Rozier\roziete01",435,"PG",23,"BOS",80,16,25.9,4,10,0.395,1.9,5,0.381,2,5,0.41,0.491,1.4,1.9,0.772,0.8,3.9,4.7,2.9,1,0.2,1,1.5,11.3,59,21,3,193,3642,496,1317,216,608,174,225,127,666,400,132,31,146,215,1382,0.377,0.355,0.773,18.9,7.2,3.5,2.1
"90","Trey Lyles\lylestr01",308,"PF",22,"DEN",73,2,19.1,3.7,7.5,0.491,1.1,3,0.381,2.6,4.5,0.563,0.566,1.4,2,0.697,0.8,4,4.8,1.2,0.4,0.5,0.8,1.5,9.9,35,20,3,224,3931,620,1425,197,550,215,306,162,881,219,82,72,190,322,1652,0.435,0.358,0.703,17.5,7.4,3.9,1
"91","Tyus Jones\jonesty01",267,"PG",21,"MIN",82,11,17.9,1.8,4,0.457,0.5,1.6,0.349,1.3,2.4,0.528,0.526,0.9,1,0.877,0.2,1.4,1.6,2.8,1.2,0.1,0.7,1.3,5.1,31,19,3,179,2814,281,665,87,255,132,163,33,246,496,174,14,130,193,781,0.423,0.341,0.81,15.7,4.4,1.4,2.8
"92","Willie Cauley-Stein\caulewi01",91,"C",24,"SAC",73,58,28,5.3,10.6,0.502,0,0.2,0.25,5.3,10.4,0.506,0.504,2.1,3.4,0.619,1.8,5.2,7,2.4,1.1,0.9,1.5,2.5,12.8,8,22,3,214,4877,834,1593,3,16,335,523,350,1201,289,178,177,224,478,2006,0.524,0.188,0.641,22.8,9.4,5.6,1.4
"93","Willie Reed\reedwi02",425,"C",27,"TOT",42,5,10.2,1.9,2.9,0.669,0,0,0.5,1.9,2.8,0.672,0.674,0.8,1.3,0.582,0.8,2,2.9,0.2,0.2,0.5,0.5,1.3,4.6,57,25,3,152,1885,319,539,2,6,111,198,213,575,46,33,99,66,240,751,0.592,0.333,0.561,12.4,4.9,3.8,0.3
"94","Willie Reed\reedwi02",425,"C",27,"LAC",39,5,10.7,2.1,3.1,0.667,0,0.1,0.5,2,3,0.669,0.671,0.8,1.4,0.582,0.9,2.2,3.1,0.2,0.2,0.6,0.5,1.4,4.9,57,25,3,152,1885,319,539,2,6,111,198,213,575,46,33,99,66,240,751,0.592,0.333,0.561,12.4,4.9,3.8,0.3
"95","Alex Abrines\abrinal01",1,"SG",24,"OKC",75,8,15.1,1.5,3.9,0.395,1.1,2.9,0.38,0.4,0.9,0.443,0.54,0.5,0.6,0.848,0.3,1.2,1.5,0.4,0.5,0.1,0.3,1.7,4.7,1,23,2,143,2189,249,632,178,468,83,95,44,200,68,75,16,58,238,759,0.394,0.38,0.874,15.3,5.3,1.4,0.5
"96","Andrew Harrison\harrian01",202,"PG",23,"MEM",56,46,23.7,3.2,7.7,0.422,0.8,2.5,0.331,2.4,5.1,0.467,0.477,2.2,2.8,0.78,0.4,1.9,2.3,3.2,0.7,0.5,1.4,2.5,9.5,32,22,2,128,2800,298,789,90,298,272,353,46,267,375,91,47,166,332,958,0.378,0.302,0.771,21.9,7.5,2.1,2.9
"97","Brandon Ingram\ingrabr01",238,"SF",20,"LAL",59,59,33.5,6.1,12.9,0.47,0.7,1.8,0.39,5.4,11.1,0.483,0.497,3.3,4.8,0.681,1,4.4,5.3,3.9,0.8,0.7,2.5,2.8,16.1,37,19,2,138,4254,634,1447,96,292,325,496,117,630,396,95,79,265,321,1689,0.438,0.329,0.655,30.8,12.2,4.6,2.9
"98","Bryn Forbes\forbebr01",162,"SG",24,"SAS",80,12,19,2.6,6.2,0.421,1.1,2.9,0.39,1.5,3.4,0.446,0.51,0.6,0.9,0.667,0.2,1.2,1.4,1,0.4,0,0.5,1.4,6.9,25,23,2,116,1802,245,596,106,281,53,78,14,133,103,29,2,48,128,649,0.411,0.377,0.679,15.5,5.6,1.1,0.9
"99","Buddy Hield\hieldbu01",215,"SG",24,"SAC",80,12,25.3,5.2,11.7,0.446,2.2,5.1,0.431,3,6.6,0.457,0.54,0.9,1,0.877,0.7,3.2,3.8,1.9,1.1,0.3,1.6,1.9,13.5,35,23,2,162,3912,743,1700,324,787,135,157,90,576,276,123,31,225,263,1945,0.437,0.412,0.86,24.1,12,3.6,1.7
"100","Caris LeVert\leverca01",296,"SF",23,"BRK",71,10,26.3,4.5,10.4,0.435,1.2,3.5,0.347,3.3,6.9,0.48,0.493,1.9,2.6,0.711,0.7,2.9,3.7,4.2,1.2,0.3,2.2,2.2,12.1,47,22,2,128,3101,491,1115,144,429,200,280,76,448,410,131,30,212,250,1326,0.44,0.336,0.714,24.2,10.4,3.5,3.2
"101","Cheick Diallo\diallch01",131,"PF",21,"NOP",52,0,11.2,2,3.4,0.58,0,0,NA,2,3.4,0.58,0.58,1,1.3,0.758,0.9,3.2,4.1,0.4,0.2,0.4,0.5,1.6,4.9,18,20,2,69,780,138,252,0,0,65,87,70,284,23,15,28,35,99,341,0.548,NA,0.747,11.3,4.9,4.1,0.3
"102","Dario Saric\saricda01",440,"PF",23,"PHI",78,73,29.6,5.2,11.4,0.453,2,5.1,0.393,3.2,6.3,0.501,0.541,2.3,2.7,0.86,2,4.7,6.7,2.6,0.7,0.3,1.9,2.1,14.6,70,22,2,159,4439,784,1817,263,740,350,427,266,1033,384,108,50,331,322,2181,0.431,0.355,0.82,27.9,13.7,6.5,2.4
"103","David Nwaba\nwabada01",375,"SG",25,"CHI",70,21,23.5,2.9,6,0.478,0.3,0.7,0.346,2.6,5.3,0.496,0.499,1.9,2.9,0.655,1.3,3.4,4.7,1.5,0.8,0.4,1.1,2.3,7.9,58,24,2,90,2043,249,504,19,57,158,242,106,389,118,72,36,88,194,675,0.494,0.333,0.653,22.7,7.5,4.3,1.3
"104","Davis Bertans\bertada01",44,"PF",25,"SAS",77,10,14.1,2.1,4.8,0.44,1.2,3.3,0.373,0.9,1.5,0.588,0.568,0.5,0.6,0.816,0.2,1.8,2,1,0.3,0.4,0.5,1.2,5.9,8,24,2,144,1894,264,600,163,425,68,83,40,251,120,46,56,68,168,759,0.44,0.384,0.819,13.2,5.3,1.7,0.8
"105","DeAndre' Bembry\bembrde01",42,"SF",23,"ATL",26,3,17.5,2,4.9,0.414,0.4,1.2,0.367,1.6,3.8,0.429,0.457,0.7,1.3,0.576,0.3,2.5,2.8,1.9,0.8,0.5,1.8,1.5,5.2,5,22,2,64,826,100,226,12,48,25,49,22,131,77,29,17,63,59,237,0.442,0.25,0.51,12.9,3.7,2,1.2
"106","Dejounte Murray\murrade01",360,"PG",21,"SAS",81,48,21.5,3.3,7.5,0.443,0.1,0.4,0.265,3.2,7.1,0.454,0.451,1.3,1.8,0.709,1.4,4.3,5.7,2.9,1.2,0.4,1.7,1.9,8.1,54,20,2,119,2065,320,725,18,57,126,178,116,501,279,105,37,172,180,784,0.441,0.316,0.708,17.4,6.6,4.2,2.3
"107","Denzel Valentine\valende01",490,"SG",24,"CHI",77,37,27.2,3.9,9.4,0.417,1.9,4.8,0.386,2.1,4.6,0.45,0.517,0.5,0.7,0.745,0.6,4.5,5.1,3.2,0.8,0.1,1.3,2.4,10.2,79,23,2,134,3071,403,1009,216,578,52,69,59,544,307,95,18,148,271,1074,0.399,0.374,0.754,22.9,8,4.1,2.3
"108","Deyonta Davis\davisde01",123,"C",21,"MEM",62,6,15.2,2.6,4.3,0.608,0,0,NA,2.6,4.3,0.608,0.608,0.6,0.9,0.667,1.2,2.8,4,0.6,0.2,0.6,0.5,2,5.8,16,20,2,98,1181,185,312,0,0,48,75,95,310,42,18,56,40,165,418,0.593,NA,0.64,12.1,4.3,3.2,0.4
"109","Domantas Sabonis\sabondo01",438,"C",21,"IND",74,19,24.5,4.6,8.9,0.514,0.2,0.5,0.351,4.4,8.4,0.524,0.524,2.3,3,0.75,2.2,5.5,7.7,2,0.5,0.4,1.9,3,11.6,69,20,2,155,3442,532,1142,64,196,212,291,211,860,233,79,64,220,420,1340,0.466,0.327,0.729,22.2,8.6,5.5,1.5
"110","Dragan Bender\bendedr01",43,"PF",20,"PHO",82,37,25.2,2.3,5.9,0.386,1.4,3.9,0.366,0.8,2,0.426,0.508,0.5,0.6,0.765,0.5,3.9,4.4,1.6,0.3,0.6,1.4,2,6.5,6,19,2,125,2643,244,645,146,423,43,62,63,464,153,32,75,144,240,677,0.378,0.345,0.694,21.1,5.4,3.7,1.2
"111","Fred VanVleet\vanvlfr01",491,"PG",23,"TOR",76,0,20,3.1,7.2,0.426,1.4,3.4,0.414,1.6,3.7,0.437,0.525,1.1,1.3,0.832,0.3,2.1,2.4,3.2,0.9,0.3,1,1.7,8.6,80,22,2,113,1814,271,656,119,290,102,123,29,226,278,84,22,89,166,763,0.413,0.41,0.829,16.1,6.8,2,2.5
"112","Henry Ellenson\ellenhe01",145,"PF",21,"DET",38,0,8.7,1.4,3.8,0.363,0.5,1.6,0.333,0.9,2.3,0.384,0.432,0.7,0.8,0.862,0.3,1.9,2.1,0.5,0.1,0,0.5,0.6,4,20,20,2,57,475,76,210,30,95,29,37,18,122,27,6,1,32,28,211,0.362,0.316,0.784,8.3,3.7,2.1,0.5
"113","Isaiah Taylor\taylois01",469,"PG",23,"ATL",67,9,17.4,2.4,5.8,0.418,0.3,1.2,0.25,2.1,4.6,0.461,0.444,1.5,2.1,0.702,0.3,1.1,1.4,3.1,0.5,0.1,1.3,1.7,6.6,75,22,2,71,1219,164,397,20,82,100,143,23,97,209,35,11,84,122,448,0.413,0.244,0.699,17.2,6.3,1.4,2.9
"114","Ivica Zubac\zubaciv01",540,"C",20,"LAL",43,0,9.5,1.4,2.8,0.5,0,0,0,1.4,2.8,0.504,0.5,0.9,1.2,0.765,1,1.8,2.9,0.6,0.2,0.3,0.6,1.1,3.7,88,19,2,81,1019,187,360,0,4,71,100,86,282,55,22,48,56,113,445,0.519,0,0.71,12.6,5.5,3.5,0.7
"115","Jake Layman\laymaja01",287,"SF",23,"POR",35,1,4.6,0.4,1.3,0.298,0.1,0.6,0.2,0.3,0.8,0.37,0.34,0.1,0.1,0.667,0.1,0.3,0.5,0.3,0.2,0.1,0.1,0.4,1,46,22,2,70,409,40,136,17,71,15,20,10,40,22,15,7,16,35,112,0.294,0.239,0.75,5.8,1.6,0.6,0.3
"116","Jakob Poeltl\poeltja01",407,"C",22,"TOR",82,0,18.6,3.1,4.7,0.659,0,0,0.5,3.1,4.7,0.66,0.66,0.7,1.2,0.594,2,2.8,4.8,0.7,0.5,1.2,1,2.6,6.9,64,21,2,136,2150,320,499,1,2,91,158,243,558,69,56,120,114,325,732,0.641,0.5,0.576,15.8,5.4,4.1,0.5
"117","Jamal Murray\murraja01",361,"PG",20,"DEN",81,80,31.7,5.9,13.1,0.451,2,5.4,0.378,3.9,7.7,0.502,0.529,2.8,3.1,0.905,1,2.7,3.7,3.4,1,0.3,2.1,2.1,16.7,55,19,2,163,4329,774,1792,280,780,335,373,123,511,444,130,52,285,297,2163,0.432,0.359,0.898,26.6,13.3,3.1,2.7
"118","Jaylen Brown\brownja02",70,"SG",21,"BOS",70,70,30.7,5.3,11.5,0.465,1.7,4.4,0.395,3.6,7.1,0.507,0.54,2.1,3.3,0.644,0.9,4,4.9,1.6,1,0.4,1.8,2.6,14.5,11,20,2,148,3493,565,1226,167,441,235,357,111,566,178,105,44,192,323,1532,0.461,0.379,0.658,23.6,10.4,3.8,1.2
"119","Joel Embiid\embiijo01",147,"C",23,"PHI",63,63,30.3,8.1,16.8,0.483,1,3.4,0.308,7,13.4,0.527,0.514,5.7,7.4,0.769,2.3,8.7,11,3.2,0.6,1.8,3.7,3.3,22.9,21,22,2,94,2698,710,1485,102,312,550,711,204,933,265,67,187,351,321,2072,0.478,0.327,0.774,28.7,22,9.9,2.8
"120","Kris Dunn\dunnkr01",142,"PG",23,"CHI",52,43,29.3,5.5,12.8,0.429,0.8,2.6,0.321,4.7,10.2,0.457,0.462,1.6,2.2,0.73,0.5,3.8,4.3,6,2,0.5,2.9,3.4,13.4,19,22,2,130,2858,404,979,64,207,120,174,48,387,498,182,63,239,353,992,0.413,0.309,0.69,22,7.6,3,3.8
"121","Malachi Richardson\richama01",427,"SG",22,"TOT",26,4,12.5,1.2,3.5,0.333,0.5,1.5,0.3,0.7,1.9,0.36,0.4,0.7,0.8,0.773,0.2,1.1,1.3,0.5,0.4,0,0.4,1,3.4,68,21,2,48,522,58,158,20,68,32,41,8,57,24,15,2,18,50,168,0.367,0.294,0.78,10.9,3.5,1.2,0.5
"122","Malcolm Brogdon\brogdma01",64,"PG",25,"MIL",48,20,29.9,5.1,10.5,0.485,1.3,3.4,0.385,3.8,7.1,0.532,0.547,1.6,1.8,0.882,0.5,2.8,3.3,3.2,0.9,0.3,1.4,2.7,13,10,24,2,123,3418,534,1138,140,354,184,211,70,369,469,125,25,179,268,1392,0.469,0.395,0.872,27.8,11.3,3,3.8
"123","Malcolm Delaney\delanma01",127,"PG",28,"ATL",54,3,18.8,2,5.3,0.382,0.9,2.3,0.371,1.2,3,0.391,0.463,1.4,1.7,0.804,0.2,1.7,1.9,3,0.6,0.1,1.2,1.5,6.3,17,27,2,127,2262,254,673,72,234,149,185,19,223,356,74,7,161,194,729,0.377,0.308,0.805,17.8,5.7,1.8,2.8
"124","Malik Beasley\beaslma01",38,"SG",21,"DEN",62,0,9.4,1.2,2.9,0.41,0.5,1.3,0.341,0.7,1.5,0.469,0.489,0.4,0.5,0.667,0.2,0.9,1.1,0.5,0.2,0.1,0.4,0.6,3.2,4,20,2,84,748,106,251,37,110,30,43,19,88,42,22,7,32,46,279,0.422,0.336,0.698,8.9,3.3,1,0.5
"125","Marcus Georges-Hunt\georgma01",174,"SG",23,"MIN",42,0,5.3,0.5,1.1,0.438,0.1,0.4,0.267,0.4,0.8,0.515,0.479,0.3,0.5,0.619,0.2,0.2,0.4,0.2,0.1,0,0.1,0.8,1.4,28,22,2,47,272,23,55,5,17,22,31,8,25,10,7,0,5,37,73,0.418,0.294,0.71,5.8,1.6,0.5,0.2
"126","Marquese Chriss\chrisma01",96,"PF",20,"PHO",72,49,21.2,2.8,6.6,0.423,0.8,2.6,0.295,2,4,0.509,0.482,1.3,2.2,0.608,1.1,4.4,5.5,1.2,0.7,1,1.5,2.8,7.7,13,19,2,154,3270,486,1109,128,414,209,339,172,743,143,118,140,215,468,1309,0.438,0.309,0.617,21.2,8.5,4.8,0.9
"127","Pascal Siakam\siakapa01",448,"PF",23,"TOR",81,5,20.7,3.1,6.1,0.508,0.4,1.6,0.22,2.8,4.5,0.612,0.537,0.7,1.1,0.621,1,3.5,4.5,2,0.8,0.5,0.8,2,7.3,73,22,2,136,2538,356,703,30,139,76,119,143,549,176,88,87,100,275,818,0.506,0.216,0.639,18.7,6,4,1.3
"128","Patrick McCaw\mccawpa01",321,"SG",22,"GSW",57,10,16.9,1.6,3.9,0.409,0.3,1.4,0.238,1.3,2.5,0.503,0.451,0.5,0.6,0.765,0.3,1.2,1.4,1.4,0.8,0.2,0.7,1.2,4,52,21,2,128,2035,198,470,60,203,55,71,37,182,158,75,25,77,129,511,0.421,0.296,0.775,15.9,4,1.4,1.2
"129","Paul Zipser\zipsepa01",538,"SF",23,"CHI",54,12,15.3,1.5,4.3,0.346,0.7,2,0.336,0.8,2.3,0.355,0.425,0.4,0.5,0.731,0.2,2.2,2.4,0.9,0.4,0.3,0.8,1.6,4,87,22,2,98,1667,169,455,70,209,50,66,28,256,82,35,31,83,164,458,0.371,0.335,0.758,17,4.7,2.6,0.8
"130","Quinn Cook\cookqu01",108,"PG",24,"GSW",33,18,22.4,3.7,7.6,0.484,1.4,3.2,0.442,2.3,4.5,0.514,0.575,0.7,0.8,0.88,0.3,2.2,2.5,2.7,0.4,0,1,1.8,9.5,15,23,2,47,928,155,318,57,130,24,30,11,89,115,16,1,45,72,391,0.487,0.438,0.8,19.7,8.3,1.9,2.4
"131","Ron Baker\bakerro01",27,"SG",24,"NYK",29,1,13.3,0.7,2,0.339,0.4,1.1,0.333,0.3,0.9,0.346,0.432,0.7,0.9,0.769,0.2,0.9,1,1.6,0.9,0.2,0.6,1.1,2.4,2,23,2,81,1242,102,276,34,119,48,69,17,128,154,60,14,74,107,286,0.37,0.286,0.696,15.3,3.5,1.6,1.9
"132","Skal Labissiere\labissk01",282,"PF",21,"SAC",60,28,20.7,3.4,7.6,0.448,0.3,0.9,0.353,3.1,6.8,0.459,0.467,1.6,2,0.805,1.7,3.2,4.8,1.2,0.4,0.8,1.2,2.2,8.7,44,20,2,93,1852,322,676,21,59,147,192,150,450,99,41,62,110,196,812,0.476,0.356,0.766,19.9,8.7,4.8,1.1
"133","Taurean Waller-Prince\princta02",500,"SF",23,"ATL",82,82,30,5.1,11.9,0.426,2.1,5.6,0.385,2.9,6.3,0.461,0.516,1.9,2.2,0.844,0.6,4.1,4.7,2.6,1,0.5,2.3,2,14.1,81,22,2,141,3445,529,1260,209,559,226,274,75,546,269,128,69,252,264,1493,0.42,0.374,0.825,24.4,10.6,3.9,1.9
"134","Thon Maker\makerth01",312,"C",20,"MIL",74,12,16.7,1.8,4.3,0.411,0.4,1.4,0.298,1.3,2.9,0.467,0.46,0.9,1.3,0.699,1,2,3,0.6,0.5,0.7,0.6,2.2,4.8,51,19,2,131,1800,213,497,59,178,97,142,115,339,69,48,79,61,246,582,0.429,0.331,0.683,13.7,4.4,2.6,0.5
"135","Timothe Luwawu-Cabarrot\luwawti01",306,"SF",22,"PHI",52,7,15.5,1.9,5.1,0.375,1,3,0.335,0.9,2.1,0.431,0.474,0.9,1.1,0.793,0.3,1.1,1.4,1,0.2,0.1,0.7,1.9,5.8,49,21,2,121,1997,245,628,103,319,151,181,39,221,129,44,15,111,251,744,0.39,0.323,0.834,16.5,6.1,1.8,1.1
"136","Tomas Satoransky\satorto01",441,"SG",26,"WAS",73,30,22.5,2.8,5.3,0.523,0.6,1.4,0.465,2.1,3.9,0.544,0.585,1,1.3,0.781,1,2.2,3.2,3.9,0.7,0.2,1.1,1.8,7.2,71,25,2,130,2362,262,531,56,138,98,129,97,316,378,78,21,121,191,678,0.493,0.406,0.76,18.2,5.2,2.4,2.9
"137","Treveon Graham\grahatr01",182,"SG",24,"CHO",63,2,16.7,1.5,3.5,0.434,0.6,1.5,0.412,0.9,2,0.452,0.525,0.7,0.9,0.695,0.7,1.3,1.9,0.9,0.5,0,0.4,1.7,4.3,30,23,2,90,1239,115,261,49,112,51,74,47,143,65,39,3,30,127,330,0.441,0.438,0.689,13.8,3.7,1.6,0.7
"138","Tyler Ulis\ulisty01",488,"PG",22,"PHO",71,43,23.4,3,7.8,0.388,0.6,2.1,0.288,2.4,5.7,0.425,0.426,1.2,1.4,0.832,0.3,1.5,1.8,4.4,1,0.1,1.8,1.7,7.8,77,21,2,132,2781,398,988,63,225,139,172,44,223,537,118,12,204,193,998,0.403,0.28,0.808,21.1,7.6,1.7,4.1
"139","Wayne Selden\seldewa01",445,"SG",23,"MEM",35,9,19.8,3.3,7.7,0.431,1.4,3.5,0.402,1.9,4.2,0.456,0.522,1.3,1.7,0.746,0.5,1.1,1.6,1.9,0.5,0.1,1.5,1.7,9.3,72,22,2,49,928,141,327,56,150,58,81,17,72,79,24,6,66,77,396,0.431,0.373,0.716,18.9,8.1,1.5,1.6
"140","Willy Hernangomez\hernawi01",212,"C",23,"TOT",48,1,10.3,1.9,3.4,0.555,0.1,0.3,0.417,1.8,3.2,0.566,0.57,1.2,1.9,0.656,1.3,2.5,3.8,0.7,0.4,0.3,0.7,1.3,5.1,34,22,2,120,1819,337,629,9,27,150,215,231,685,129,59,52,135,214,833,0.536,0.333,0.698,15.2,6.9,5.7,1.1
"141","Willy Hernangomez\hernawi01",212,"C",23,"NYK",26,0,9,1.9,3.1,0.605,0,0.2,0.2,1.8,2.9,0.632,0.611,0.5,1.1,0.429,0.8,1.7,2.6,0.8,0.3,0.3,1,1.2,4.3,34,22,2,120,1819,337,629,9,27,150,215,231,685,129,59,52,135,214,833,0.536,0.333,0.698,15.2,6.9,5.7,1.1
"142","Yogi Ferrell\ferreyo01",160,"SG",24,"DAL",82,21,27.8,3.8,8.9,0.426,1.6,4.4,0.373,2.2,4.5,0.477,0.518,1,1.3,0.796,0.3,2.7,3,2.5,0.8,0.1,1,1.9,10.2,23,23,2,128,3479,471,1124,202,535,156,192,46,360,373,106,18,148,243,1300,0.419,0.378,0.813,27.2,10.2,2.8,2.9
"143","Abdel Nader\naderab01",363,"SF",24,"BOS",48,1,10.9,1,3.1,0.336,0.5,1.4,0.354,0.6,1.8,0.321,0.413,0.5,0.8,0.59,0.3,1.2,1.5,0.5,0.3,0.2,0.7,0.9,3,82,24,1,48,522,50,149,23,65,23,39,13,71,26,15,10,34,45,146,0.336,0.354,0.59,10.9,3,1.5,0.5
"144","Alex Caruso\carusal01",89,"PG",23,"LAL",37,7,15.2,1.4,3.1,0.431,0.4,1.2,0.302,1,2,0.507,0.487,0.6,0.8,0.7,0.4,1.4,1.8,2,0.6,0.3,1.1,1.4,3.6,20,23,1,37,562,50,116,13,43,21,30,15,65,75,23,10,42,52,134,0.431,0.302,0.7,15.2,3.6,1.8,2
"145","Ante Zizic\zizican01",539,"C",21,"CLE",32,2,6.7,1.5,2.1,0.731,0,0,NA,1.5,2.1,0.731,0.731,0.7,0.9,0.724,0.8,1.1,1.9,0.2,0.1,0.4,0.3,0.9,3.7,120,21,1,32,214,49,67,0,0,21,29,24,60,5,2,13,11,30,119,0.731,NA,0.724,6.7,3.7,1.9,0.2
"146","Bam Adebayo\adebaba01",4,"C",20,"MIA",69,19,19.8,2.5,4.9,0.512,0,0.1,0,2.5,4.8,0.523,0.512,1.9,2.6,0.721,1.7,3.8,5.5,1.5,0.5,0.6,1,2,6.9,1,20,1,69,1368,174,340,0,7,129,179,118,381,101,32,41,66,138,477,0.512,0,0.721,19.8,6.9,5.5,1.5
"147","Ben Simmons\simmobe01",450,"PG",21,"PHI",81,81,33.7,6.7,12.3,0.545,0,0.1,0,6.7,12.2,0.551,0.545,2.4,4.2,0.56,1.8,6.3,8.1,8.2,1.7,0.9,3.4,2.6,15.8,99,21,1,81,2732,544,998,0,11,191,341,145,659,661,140,70,278,211,1279,0.545,0,0.56,33.7,15.8,8.1,8.2
"148","Bogdan Bogdanovic\bogdabo01",54,"SG",25,"SAC",78,53,27.9,4.4,9.9,0.446,1.7,4.2,0.392,2.8,5.7,0.485,0.529,1.3,1.5,0.84,0.4,2.5,2.9,3.3,0.9,0.2,1.6,2.2,11.8,14,25,1,78,2175,344,772,129,329,100,119,31,223,258,72,16,125,172,917,0.446,0.392,0.84,27.9,11.8,2.9,3.3
"149","Brandon Paul\paulbr01",395,"SG",26,"SAS",64,2,9,0.9,2,0.433,0.2,0.8,0.278,0.6,1.1,0.548,0.492,0.3,0.7,0.512,0.1,1,1.1,0.6,0.4,0.1,0.5,0.9,2.3,89,26,1,64,576,55,127,15,54,22,43,6,68,37,25,7,29,58,147,0.433,0.278,0.512,9,2.3,1.1,0.6
"150","C.J. Williams\willicj01",518,"SG",27,"LAC",38,17,18.6,2.3,5.2,0.442,0.6,2.1,0.282,1.7,3.1,0.546,0.497,0.3,0.4,0.813,0.3,1.2,1.5,1.1,0.8,0.3,0.5,1.7,5.5,115,27,1,38,707,87,197,22,78,13,16,12,56,43,31,13,20,63,209,0.442,0.282,0.813,18.6,5.5,1.5,1.1
"151","Caleb Swanigan\swanica01",467,"PF",20,"POR",27,3,7,0.9,2.2,0.4,0,0.3,0.125,0.9,1.9,0.442,0.408,0.4,0.7,0.667,0.6,1.4,2,0.5,0.2,0.1,0.7,1.4,2.3,103,20,1,27,189,24,60,1,8,12,18,15,54,14,5,3,18,37,61,0.4,0.125,0.667,7,2.3,2,0.5
"152","Cedi Osman\osmande01",385,"SF",22,"CLE",61,12,11,1.5,3,0.484,0.5,1.4,0.368,1,1.6,0.586,0.57,0.4,0.8,0.565,0.3,1.7,2,0.7,0.4,0,0.5,1.3,3.9,86,22,1,61,672,90,186,32,87,26,46,19,120,41,22,3,32,78,238,0.484,0.368,0.565,11,3.9,2,0.7
"153","Dakari Johnson\johnsda04",256,"C",22,"OKC",31,6,5.2,0.7,1.3,0.564,0,0,NA,0.7,1.3,0.564,0.564,0.4,0.6,0.55,0.5,0.6,1.1,0.3,0.2,0.3,0.1,0.9,1.8,55,22,1,31,161,22,39,0,0,11,20,16,34,8,6,8,3,27,55,0.564,NA,0.55,5.2,1.8,1.1,0.3
"154","Damyean Dotson\dotsoda01",135,"SG",23,"NYK",44,2,10.8,1.6,3.7,0.447,0.5,1.5,0.324,1.1,2.1,0.538,0.516,0.4,0.5,0.696,0.2,1.7,1.9,0.7,0.3,0,0.4,0.8,4.1,31,23,1,44,474,72,161,22,68,16,23,9,84,31,12,2,17,34,182,0.447,0.324,0.696,10.8,4.1,1.9,0.7
"155","Daniel Theis\theisda01",476,"C",25,"BOS",63,3,14.9,2,3.7,0.541,0.3,0.9,0.31,1.7,2.8,0.617,0.579,1,1.3,0.753,1.4,2.9,4.3,0.9,0.5,0.8,0.9,2.5,5.3,106,25,1,63,936,126,233,18,58,61,81,90,274,56,30,48,56,157,331,0.541,0.31,0.753,14.9,5.3,4.3,0.9
"156","De'Aaron Fox\foxde01",164,"PG",20,"SAC",73,60,27.8,4.5,10.9,0.412,0.6,2.1,0.307,3.8,8.8,0.436,0.441,1.9,2.7,0.723,0.5,2.3,2.8,4.4,1,0.3,2.4,2.2,11.6,36,20,1,73,2026,328,797,47,153,141,195,33,204,320,70,20,173,163,844,0.412,0.307,0.723,27.8,11.6,2.8,4.4
"157","Dennis Smith\smithde03",455,"PG",20,"DAL",69,69,29.7,5.9,14.8,0.395,1.5,4.9,0.313,4.3,9.9,0.436,0.447,1.9,2.8,0.694,0.7,3,3.8,5.2,1,0.3,2.8,2.2,15.2,101,20,1,69,2049,404,1023,106,339,134,193,50,260,358,71,18,195,152,1048,0.395,0.313,0.694,29.7,15.2,3.8,5.2
"158","Dillon Brooks\brookdi01",66,"SF",22,"MEM",82,74,28.7,4.1,9.4,0.44,1.1,3.2,0.356,3,6.2,0.484,0.501,1.5,2,0.747,0.6,2.5,3.1,1.6,0.9,0.2,1.5,2.8,11,17,22,1,82,2350,340,772,94,264,124,166,49,257,135,73,17,124,233,898,0.44,0.356,0.747,28.7,11,3.1,1.6
"159","Donovan Mitchell\mitchdo01",343,"SG",21,"UTA",79,71,33.4,7.5,17.2,0.437,2.4,7,0.34,5.2,10.3,0.502,0.506,3,3.8,0.805,0.7,3.1,3.7,3.7,1.5,0.3,2.7,2.7,20.5,75,21,1,79,2638,595,1362,187,550,239,297,52,296,291,118,27,215,213,1616,0.437,0.34,0.805,33.4,20.5,3.7,3.7
"160","Dwayne Bacon\bacondw01",26,"SG",22,"CHO",53,6,13.5,1.4,3.6,0.375,0.2,0.8,0.256,1.2,2.8,0.409,0.404,0.4,0.5,0.8,0.1,2.3,2.3,0.7,0.3,0,0.4,0.9,3.3,8,22,1,53,713,72,192,11,43,20,25,4,124,38,16,2,23,46,175,0.375,0.256,0.8,13.5,3.3,2.3,0.7
"161","Frank Mason\masonfr01",316,"PG",23,"SAC",52,2,18.9,2.8,7.3,0.379,0.6,1.7,0.36,2.2,5.7,0.384,0.42,1.8,2.2,0.817,0.6,1.9,2.5,2.8,0.7,0.2,1.3,1.4,7.9,69,23,1,52,984,144,380,31,86,94,115,30,130,147,34,10,65,72,413,0.379,0.36,0.817,18.9,7.9,2.5,2.8
"162","Frank Ntilikina\ntilila01",373,"PG",19,"NYK",78,9,21.9,2.3,6.4,0.364,0.6,2,0.318,1.7,4.4,0.385,0.414,0.6,0.9,0.721,0.5,1.8,2.3,3.2,0.8,0.2,1.7,2.3,5.9,83,19,1,78,1706,182,500,50,157,49,68,37,177,250,65,18,131,181,463,0.364,0.318,0.721,21.9,5.9,2.3,3.2
"163","Guerschon Yabusele\yabusgu01",531,"PF",22,"BOS",33,4,7.1,0.8,1.8,0.426,0.4,1.1,0.324,0.4,0.7,0.583,0.525,0.5,0.7,0.682,0.5,1.1,1.6,0.5,0.1,0.2,0.4,0.7,2.4,119,22,1,33,235,26,61,12,37,15,22,17,52,16,4,5,12,23,79,0.426,0.324,0.682,7.1,2.4,1.6,0.5
"164","Ivan Rabb\rabbiv01",419,"PF",20,"MEM",36,5,14.3,2.4,4.2,0.566,0,0,NA,2.4,4.2,0.566,0.566,0.8,1,0.806,1.5,2.9,4.4,0.9,0.3,0.4,1,1.5,5.6,95,20,1,36,516,86,152,0,0,29,36,53,158,32,12,13,35,55,201,0.566,NA,0.806,14.3,5.6,4.4,0.9
"165","Jarrett Allen\allenja01",8,"C",19,"BRK",72,31,20,3.3,5.5,0.589,0.1,0.2,0.333,3.2,5.3,0.599,0.596,1.6,2,0.776,2,3.4,5.4,0.7,0.4,1.2,1.1,2,8.2,2,19,1,72,1441,234,397,5,15,114,147,144,388,49,28,88,82,147,587,0.589,0.333,0.776,20,8.2,5.4,0.7
"166","Jawun Evans\evansja01",150,"PG",21,"LAC",48,4,16.2,1.9,5.3,0.352,0.3,1.1,0.278,1.5,4.1,0.372,0.381,0.8,1,0.776,0.2,1.6,1.8,2.1,0.8,0.1,0.9,2,4.8,34,21,1,48,778,89,253,15,54,38,49,9,84,100,36,6,44,97,231,0.352,0.278,0.776,16.2,4.8,1.8,2.1
"167","Jayson Tatum\tatumja01",468,"SF",19,"BOS",80,80,30.5,5,10.4,0.475,1.3,3,0.434,3.7,7.4,0.492,0.538,2.7,3.2,0.826,0.6,4.4,5,1.6,1,0.7,1.4,2.1,13.9,104,19,1,80,2438,397,835,105,242,213,258,50,402,128,83,58,114,170,1112,0.475,0.434,0.826,30.5,13.9,5,1.6
"168","John Collins\collijo01",101,"PF",20,"ATL",74,26,24.1,4.2,7.4,0.576,0.2,0.6,0.34,4,6.7,0.598,0.591,1.8,2.5,0.715,2.4,4.9,7.3,1.3,0.6,1.1,1.4,2.9,10.5,24,20,1,74,1785,314,545,16,47,133,186,176,541,98,47,80,105,215,777,0.576,0.34,0.715,24.1,10.5,7.3,1.3
"169","Jonathan Isaac\isaacjo01",240,"PF",20,"ORL",27,10,19.9,2,5.4,0.379,0.6,1.7,0.348,1.4,3.7,0.394,0.434,0.7,0.9,0.76,0.6,3.1,3.7,0.7,1.2,1.1,1,1.8,5.4,49,20,1,27,536,55,145,16,46,19,25,16,99,18,33,30,27,48,145,0.379,0.348,0.76,19.9,5.4,3.7,0.7
"170","Jordan Bell\belljo01",41,"C",23,"GSW",57,13,14.2,2,3.2,0.627,0,0.1,0,2,3.2,0.641,0.627,0.5,0.8,0.682,1.1,2.6,3.6,1.8,0.6,1,0.9,1.6,4.6,10,23,1,57,809,116,185,0,4,30,44,60,207,102,35,56,51,92,262,0.627,0,0.682,14.2,4.6,3.6,1.8
"171","Josh Hart\hartjo01",204,"SG",22,"LAL",63,23,23.2,2.8,6,0.469,1.2,3.1,0.396,1.6,2.8,0.551,0.573,1,1.5,0.702,0.7,3.5,4.2,1.3,0.7,0.3,0.7,1.7,7.9,41,22,1,63,1461,176,375,78,197,66,94,42,263,80,47,16,47,107,496,0.469,0.396,0.702,23.2,7.9,4.2,1.3
"172","Josh Jackson\jacksjo02",245,"SF",20,"PHO",77,35,25.4,5.1,12.1,0.417,0.7,2.8,0.263,4.3,9.3,0.464,0.448,2.3,3.6,0.634,1.2,3.3,4.6,1.5,1,0.5,1.9,2.8,13.1,52,20,1,77,1959,389,932,57,217,177,279,95,351,119,80,35,146,218,1012,0.417,0.263,0.634,25.4,13.1,4.6,1.5
"173","Justin Jackson\jacksju01",246,"SF",22,"SAC",68,41,22.1,2.7,6.2,0.442,0.8,2.7,0.308,1.9,3.4,0.547,0.51,0.4,0.5,0.722,0.4,2.4,2.8,1.1,0.4,0.2,0.6,1.2,6.7,53,22,1,68,1506,185,419,57,185,26,36,27,187,74,28,13,40,81,453,0.442,0.308,0.722,22.1,6.7,2.8,1.1
"174","Khem Birch\birchkh01",46,"C",25,"ORL",42,0,13.8,1.6,3,0.54,0,0,NA,1.6,3,0.54,0.54,1,1.5,0.689,1.7,2.6,4.3,0.8,0.4,0.5,0.5,1.3,4.2,11,25,1,42,578,68,126,0,0,42,61,70,180,34,15,21,21,56,178,0.54,NA,0.689,13.8,4.2,4.3,0.8
"175","Kobi Simmons\simmoko01",452,"PG",20,"MEM",32,12,20.1,2.5,5.9,0.423,0.3,1.2,0.282,2.2,4.7,0.46,0.452,0.8,0.8,1,0.4,1.1,1.6,2.1,0.6,0.2,1.4,1.9,6.1,100,20,1,32,643,80,189,11,39,25,25,14,50,68,18,5,44,61,196,0.423,0.282,1,20.1,6.1,1.6,2.1
"176","Kyle Collinsworth\colliky01",103,"SF",26,"DAL",32,2,15,1.2,3.1,0.384,0.1,0.5,0.235,1.1,2.6,0.415,0.404,0.7,1.3,0.525,1,2.3,3.3,1.8,0.5,0.3,0.8,1.4,3.2,26,26,1,32,480,38,99,4,17,21,40,32,107,56,17,9,24,44,101,0.384,0.235,0.525,15,3.2,3.3,1.8
"177","Kyle Kuzma\kuzmaky01",280,"PF",22,"LAL",77,37,31.2,6.1,13.5,0.45,2.1,5.6,0.366,4,7.9,0.511,0.527,1.9,2.7,0.707,1.1,5.1,6.3,1.8,0.6,0.4,1.8,2.1,16.1,62,22,1,77,2401,468,1039,159,434,147,208,88,483,141,49,34,140,160,1242,0.45,0.366,0.707,31.2,16.1,6.3,1.8
"178","Lauri Markkanen\markkla01",314,"PF",20,"CHI",68,68,29.7,5.5,12.7,0.434,2.1,5.9,0.362,3.4,6.8,0.497,0.518,2.1,2.4,0.843,1.2,6.3,7.5,1.2,0.6,0.6,1.2,1.5,15.2,68,20,1,68,2020,374,862,145,401,140,166,79,508,79,39,40,83,103,1033,0.434,0.362,0.843,29.7,15.2,7.5,1.2
"179","Lonzo Ball\balllo01",29,"PG",20,"LAL",52,50,34.2,3.9,10.8,0.36,1.7,5.7,0.305,2.2,5.2,0.42,0.44,0.6,1.4,0.451,1.3,5.6,6.9,7.2,1.7,0.8,2.6,2.3,10.2,9,20,1,52,1780,203,564,90,295,32,71,69,360,376,88,43,136,117,528,0.36,0.305,0.451,34.2,10.2,6.9,7.2
"180","Luke Kennard\kennalu01",272,"SG",21,"DET",73,9,20,2.8,6.4,0.443,1.1,2.7,0.415,1.7,3.7,0.463,0.53,0.9,1,0.855,0.3,2.1,2.4,1.7,0.6,0.2,0.9,1.2,7.6,58,21,1,73,1463,206,465,81,195,65,76,21,176,124,44,13,69,86,558,0.443,0.415,0.855,20,7.6,2.4,1.7
"181","Malik Monk\monkma01",345,"SG",19,"CHO",63,0,13.6,2.4,6.7,0.36,1.3,3.9,0.342,1.1,2.9,0.385,0.458,0.5,0.6,0.842,0.1,0.9,1,1.4,0.3,0.1,0.8,0.9,6.7,77,19,1,63,854,153,425,83,243,32,38,8,66,91,20,9,48,59,421,0.36,0.342,0.842,13.6,6.7,1,1.4
"182","Maxi Kleber\klebima01",275,"PF",26,"DAL",72,36,16.8,2.1,4.3,0.489,0.6,1.8,0.313,1.5,2.5,0.613,0.553,0.6,0.8,0.746,1,2.3,3.3,0.7,0.4,0.7,0.4,1.6,5.4,59,26,1,72,1206,151,309,40,128,44,59,71,234,51,26,47,30,114,386,0.489,0.313,0.746,16.8,5.4,3.3,0.7
"183","Mike James\jamesmi02",249,"PG",27,"TOT",36,10,19.1,3.4,8.9,0.383,0.7,2.7,0.265,2.7,6.2,0.435,0.424,1.8,2.3,0.762,0.4,2.1,2.5,3.5,0.8,0.2,1.4,1.3,9.3,54,27,1,36,687,123,321,26,98,64,84,13,90,126,28,7,49,48,336,0.383,0.265,0.762,19.1,9.3,2.5,3.5
"184","Mike James\jamesmi02",249,"PG",27,"PHO",32,10,20.9,3.8,9.8,0.388,0.8,3,0.268,3,6.7,0.442,0.429,2,2.6,0.762,0.4,2.4,2.8,3.8,0.8,0.2,1.5,1.4,10.4,54,27,1,36,687,123,321,26,98,64,84,13,90,126,28,7,49,48,336,0.383,0.265,0.762,19.1,9.3,2.5,3.5
"185","Milos Teodosic\teodomi01",474,"PG",30,"LAC",45,36,25.2,3.4,8,0.419,2,5.2,0.379,1.4,2.8,0.492,0.542,0.9,1,0.848,0.4,2.4,2.8,4.6,0.5,0.1,2.2,2.3,9.5,105,30,1,45,1134,151,360,88,232,39,46,16,126,209,23,5,97,103,429,0.419,0.379,0.848,25.2,9.5,2.8,4.6
"186","OG Anunoby\anunoog01",18,"SF",20,"TOR",74,62,20,2.2,4.7,0.471,1,2.7,0.371,1.2,2,0.604,0.577,0.5,0.8,0.629,0.6,1.9,2.5,0.7,0.7,0.2,0.6,1.8,5.9,5,20,1,74,1481,163,346,73,197,39,62,44,184,55,52,14,45,130,438,0.471,0.371,0.629,20,5.9,2.5,0.7
"187","Royce O'Neale\onealro01",377,"SF",24,"UTA",69,4,16.7,1.7,4.1,0.423,0.6,1.7,0.356,1.1,2.4,0.47,0.496,0.9,1.1,0.803,0.4,3.1,3.4,1.4,0.5,0.2,0.8,1.5,5,84,24,1,69,1150,120,284,42,118,61,76,25,236,95,36,16,55,105,343,0.423,0.356,0.803,16.7,5,3.4,1.4
"188","Semi Ojeleye\ojelese01",379,"PF",23,"BOS",73,0,15.8,0.9,2.6,0.346,0.5,1.7,0.32,0.3,0.9,0.397,0.452,0.3,0.6,0.61,0.5,1.7,2.2,0.3,0.3,0.1,0.3,1.2,2.7,85,23,1,73,1150,65,188,40,125,25,41,37,161,20,21,4,25,91,195,0.346,0.32,0.61,15.8,2.7,2.2,0.3
"189","Sindarius Thornwell\thornsi01",481,"SG",23,"LAC",73,17,15.8,1.4,3.2,0.429,0.3,0.8,0.377,1.1,2.4,0.448,0.479,0.8,1.2,0.67,0.5,1.5,1.9,0.9,0.7,0.3,0.7,1.7,3.9,107,23,1,73,1156,100,233,23,61,59,88,33,140,68,48,25,53,125,282,0.429,0.377,0.67,15.8,3.9,1.9,0.9
"190","Sterling Brown\brownst02",73,"SG",22,"MIL",54,4,14.4,1.5,3.8,0.4,0.6,1.7,0.352,0.9,2.1,0.439,0.478,0.4,0.4,0.875,0.5,2.1,2.6,0.5,0.6,0.2,0.5,1.5,4,18,22,1,54,776,82,205,32,91,21,24,27,143,25,31,13,25,80,217,0.4,0.352,0.875,14.4,4,2.6,0.5
"191","T.J. Leaf\leaftj01",288,"PF",20,"IND",53,0,8.7,1.2,2.6,0.471,0.3,0.8,0.429,0.9,1.8,0.489,0.537,0.2,0.3,0.625,0.5,1,1.5,0.2,0.1,0.1,0.2,0.8,2.9,63,20,1,53,459,64,136,18,42,10,16,29,82,9,5,4,10,45,156,0.471,0.429,0.625,8.7,2.9,1.5,0.2
"192","Terrance Ferguson\fergute01",159,"SG",19,"OKC",61,12,12.5,1.1,2.8,0.414,0.7,2,0.333,0.5,0.8,0.612,0.533,0.1,0.2,0.9,0.3,0.5,0.8,0.3,0.4,0.2,0.2,1.4,3.1,35,19,1,61,763,70,169,40,120,9,10,19,47,19,24,10,11,83,189,0.414,0.333,0.9,12.5,3.1,0.8,0.3
"193","Torrey Craig\craigto01",115,"SF",27,"DEN",39,5,16.1,1.6,3.5,0.453,0.4,1.5,0.293,1.2,2,0.57,0.515,0.6,0.9,0.629,1,2.2,3.3,0.6,0.3,0.4,0.5,1.6,4.2,29,27,1,39,629,62,137,17,58,22,35,40,127,25,12,15,20,63,163,0.453,0.293,0.629,16.1,4.2,3.3,0.6
"194","Tyler Cavanaugh\cavanty01",92,"PF",23,"ATL",39,1,13.3,1.7,3.9,0.441,0.8,2.3,0.36,0.9,1.6,0.556,0.546,0.4,0.5,0.81,1.2,2.1,3.3,0.7,0.2,0.1,0.4,1.6,4.7,21,23,1,39,518,67,152,32,89,17,21,45,127,27,9,4,14,61,183,0.441,0.36,0.81,13.3,4.7,3.3,0.7
"195","Tyler Dorsey\dorsety01",134,"SG",21,"ATL",56,5,17.4,2.6,6.8,0.377,1.3,3.6,0.362,1.3,3.3,0.393,0.471,0.8,1.1,0.714,0.3,2,2.3,1.4,0.3,0.1,0.7,1.1,7.2,30,21,1,56,974,144,382,72,199,45,63,17,130,79,17,5,37,63,405,0.377,0.362,0.714,17.4,7.2,2.3,1.4
"196","Tyrone Wallace\wallaty01",499,"PG",23,"LAC",30,19,28.4,3.7,8.2,0.445,0.3,1.3,0.25,3.3,6.9,0.483,0.466,2,2.6,0.782,0.7,2.8,3.5,2.4,0.9,0.4,1.5,2.8,9.7,108,23,1,30,851,110,247,10,40,61,78,21,105,71,27,13,46,83,291,0.445,0.25,0.782,28.4,9.7,3.5,2.4
"197","Wesley Iwundu\iwundwe01",241,"SF",23,"ORL",62,12,16.5,1.5,3.5,0.427,0.1,0.7,0.196,1.4,2.8,0.488,0.447,0.5,0.8,0.723,0.6,1.6,2.2,0.9,0.5,0.2,0.5,1.3,3.7,50,23,1,62,1020,93,218,9,46,34,47,36,137,57,33,12,30,81,229,0.427,0.196,0.723,16.5,3.7,2.2,0.9
"198","Zach Collins\colliza01",102,"C",20,"POR",66,1,15.8,1.7,4.4,0.398,0.5,1.7,0.31,1.2,2.7,0.455,0.458,0.4,0.6,0.643,0.7,2.7,3.3,0.8,0.3,0.5,0.9,2,4.4,25,20,1,66,1045,115,289,35,113,27,42,45,221,52,17,31,58,133,292,0.398,0.31,0.643,15.8,4.4,3.3,0.8
