"","fix","Tm","Pos","G","GS","MP","FG","FGA","FG.","eFG.","FT","FTA","FT.","ORB","DRB","TRB","AST","STL","BLK","TOV","PF","PS.G","PER","TS.","FTr","ORB.","DRB.","TRB.","AST.","STL.","BLK.","TOV.","USG.","OWS","DWS","WS","WS.48","OBPM","DBPM","BPM","VORP","average.salary","Year"
"1","arronafflalo","SAC","SG",61,45,25.9,3,6.9,0.44,0.514,1.4,1.5,0.892,0.1,1.9,2,1.3,0.3,0.1,0.7,1.7,8.4,8.9,0.559,0.221,0.7,8.4,4.6,7.4,0.7,0.3,8.4,14.4,1.2,0.2,1.4,0.043,-1.4,-2.1,-3.5,-0.6,2328652,2017
"2","alexisajinca","NOP","C",39,15,15,2.3,4.6,0.5,0.5,0.7,1,0.725,1.2,3.4,4.5,0.3,0.5,0.6,0.8,2,5.3,12.9,0.529,0.225,8.3,23.8,16,3.1,1.7,3.1,13.7,17.2,0,0.9,1,0.08,-5.1,1,-4.1,-0.3,5050000,2017
"3","colealdrich","MIN","C",62,0,8.6,0.7,1.4,0.523,0.523,0.2,0.4,0.682,0.8,1.7,2.5,0.4,0.4,0.4,0.3,1.4,1.7,12.7,0.549,0.256,11,23.9,17.4,6.4,2.4,3.7,15.1,9.4,0.6,0.7,1.3,0.116,-2,2.6,0.6,0.4,7300000,2017
"4","lamarcusaldridge","SAS","PF",72,72,32.4,6.9,14.6,0.477,0.488,3.1,3.8,0.812,2.4,4.9,7.3,1.9,0.6,1.2,1.4,2.2,17.3,18.6,0.532,0.258,8.5,16.6,12.7,9.9,1,3,7.7,24.5,3.5,3.7,7.2,0.149,-0.3,1.3,1,1.8,21018008,2017
"5","tonyallen","MEM","SG",71,66,27,3.9,8.4,0.461,0.473,1.1,1.8,0.615,2.3,3.2,5.5,1.4,1.6,0.4,1.4,2.5,9.1,13.3,0.493,0.218,9.6,13.8,11.7,8.4,3.1,1.4,13.3,17.9,0.2,2.9,3.1,0.077,-1.8,2.4,0.6,1.3,2328652,2017
"6","alfarouqaminu","POR","SF",61,25,29.1,3,7.6,0.393,0.468,1.6,2.2,0.706,1.3,6.1,7.4,1.6,1,0.7,1.5,1.7,8.7,11.3,0.506,0.292,4.8,23.5,14.1,7.9,1.7,2,15.2,15.4,-0.1,2,1.9,0.051,-2.3,1.2,-1.1,0.4,7500000,2017
"7","ryananderson","HOU","PF",72,72,29.4,4.5,10.7,0.418,0.55,1.8,2.1,0.86,1.6,3,4.6,0.9,0.4,0.2,0.8,2,13.6,13.5,0.583,0.194,5.8,11.2,8.5,4.7,0.7,0.5,6.2,17.9,4,1.1,5.2,0.117,1.8,-2.6,-0.8,0.6,20000000,2017
"8","carmeloanthony","NYK","SF",74,74,34.3,8.1,18.8,0.433,0.488,4.1,4.9,0.833,0.8,5.1,5.9,2.9,0.8,0.5,2.1,2.7,22.4,17.9,0.535,0.263,2.6,16,9.3,14.5,1.2,1.1,9,29.1,3.2,1.5,4.7,0.089,1.5,-2.2,-0.7,0.8,24812936,2017
"9","trevorariza","HOU","SF",80,80,34.7,4.1,10,0.409,0.528,1.2,1.6,0.738,0.7,5.1,5.7,2.2,1.8,0.3,0.9,1.7,11.7,12.4,0.548,0.158,2.1,15.9,9,8.8,2.5,0.6,7.9,14.1,2.8,3.2,6,0.104,0.7,1,1.7,2.6,8000001,2017
"10","darrellarthur","DEN","PF",41,7,15.6,2.3,5.2,0.442,0.565,0.5,0.5,0.864,0.6,2.1,2.7,1,0.5,0.5,0.9,1.9,6.4,12.8,0.583,0.102,4.4,14.9,9.7,9.3,1.5,2.5,13.8,17.3,0.6,0.4,1.1,0.081,0.3,-0.6,-0.3,0.3,7666667,2017
"11","omerasik","NOP","C",31,19,15.5,1,2.1,0.477,0.477,0.7,1.3,0.59,1.5,3.7,5.3,0.5,0.2,0.3,0.5,1.6,2.7,9.8,0.517,0.6,10.4,25.3,17.8,4.2,0.5,1.7,14.6,8.8,0.4,0.6,1,0.1,-4.3,1.2,-3.1,-0.1,11595505,2017
"12","djaugustin","ORL","PG",78,20,19.7,2.5,6.6,0.377,0.469,1.7,2.1,0.814,0.2,1.3,1.5,2.7,0.4,0,1.2,1.3,7.9,11,0.524,0.311,1,7.4,4.1,20.4,1,0.1,13.3,19.4,0.7,0.5,1.2,0.038,-0.9,-3.3,-4.2,-0.9,7250000,2017
"13","lukebabbitt","MIA","SF",68,55,15.7,1.7,4.1,0.402,0.557,0.2,0.2,0.733,0.2,1.9,2.1,0.5,0.3,0.2,0.4,1.7,4.8,8.3,0.563,0.053,1.2,13.5,7.3,4.8,0.9,0.8,8,13,0.8,1,1.8,0.081,-1.1,-0.9,-1.9,0,1974159,2017
"14","harrisonbarnes","DAL","PF",79,79,35.5,7.6,16.2,0.468,0.498,3.1,3.6,0.861,1.2,3.8,5,1.5,0.8,0.2,1.3,1.6,19.2,16.3,0.541,0.22,3.7,13.1,8.2,7.7,1.2,0.5,6.8,25.3,2.5,2.1,4.6,0.078,-0.7,-1.2,-1.9,0.1,23609631,2017
"15","willbarton","DEN","SG",60,19,28.4,4.9,11.1,0.443,0.508,2.4,3.2,0.753,1,3.4,4.3,3.4,0.8,0.5,1.6,1.8,13.7,15.5,0.547,0.285,3.8,12.9,8.4,17.7,1.4,1.3,11.5,21.1,2.5,0.8,3.3,0.093,1.3,-1,0.3,1,3533333,2017
"16","nicolasbatum","CHO","SG",77,77,34,5.1,12.7,0.403,0.472,3.2,3.7,0.856,0.6,5.6,6.2,5.9,1.1,0.4,2.5,1.4,15.1,15.8,0.529,0.291,1.9,18.4,10.1,27.7,1.6,1,15,22.3,1.7,2.8,4.6,0.084,0.7,0.6,1.2,2.1,24000000,2017
"17","aronbaynes","DET","C",75,2,15.5,1.9,3.7,0.513,0.513,1.1,1.3,0.84,1.5,3,4.4,0.4,0.2,0.5,0.7,2.2,4.9,13.1,0.57,0.337,10,21.6,15.6,3.9,0.7,2.8,13.5,14.1,1.4,1.5,3,0.123,-2.9,1.1,-1.8,0.1,4328000,2017
"18","kentbazemore","ATL","SF",73,64,26.9,4,9.9,0.409,0.473,1.6,2.3,0.708,0.6,2.5,3.2,2.4,1.2,0.7,1.7,2.3,11,11.5,0.504,0.233,2.6,10.3,6.5,14.2,2.3,2.3,13.6,20.5,-0.6,2.8,2.1,0.052,-2,1.2,-0.8,0.6,17500000,2017
"19","bradleybeal","WAS","SG",77,77,34.9,8.3,17.2,0.482,0.566,3.7,4.4,0.825,0.7,2.4,3.1,3.5,1.1,0.3,2,2.2,23.1,20.1,0.604,0.259,2.2,7.8,5,16.2,1.5,0.7,9.6,26.5,6.9,1.6,8.5,0.152,4.5,-2.3,2.2,2.8,25434263,2017
"20","michaelbeasley","MIL","PF",56,6,16.7,3.9,7.3,0.532,0.554,1.4,1.9,0.743,0.7,2.7,3.4,0.9,0.5,0.5,1.2,1.6,9.4,17.8,0.584,0.259,5,18.9,12,9.9,1.5,2.5,12.7,25.3,0.8,1,1.8,0.092,-1.7,-1.1,-2.9,-0.2,2116955,2017
"21","marcobelinelli","CHO","SG",74,0,24,3.6,8.3,0.429,0.512,2,2.3,0.893,0.2,2.2,2.4,2,0.6,0.1,0.9,1.2,10.5,13.3,0.566,0.273,0.9,10.2,5.5,13.1,1.2,0.4,9.2,19.2,2,1.2,3.2,0.087,0.1,-2,-1.9,0.1,6333333,2017
"22","patrickbeverley","HOU","SG",67,67,30.7,3.4,8.1,0.42,0.521,1.1,1.4,0.768,1.4,4.4,5.9,4.2,1.5,0.4,1.5,3.3,9.5,13,0.546,0.175,5,15.8,10.4,18.8,2.3,1,14.6,14.1,2.9,2.4,5.3,0.123,0.8,1.5,2.3,2.3,5756757,2017
"23","bismackbiyombo","ORL","C",81,27,22.1,2.2,4.2,0.528,0.528,1.5,2.9,0.534,1.9,5.1,7,0.9,0.3,1.1,1.2,2.5,6,12.2,0.546,0.69,9.3,25.6,17.2,6,0.7,4.1,17.7,13.2,0.8,2.1,2.9,0.077,-4.2,2,-2.2,-0.1,18000000,2017
"24","ericbledsoe","PHO","PG",66,66,33,6.8,15.7,0.434,0.485,5.9,6.9,0.847,0.8,4.1,4.8,6.3,1.4,0.5,3.4,2.5,21.1,20.5,0.563,0.443,2.5,13.8,8,31.1,2,1.2,15.3,28.1,4,1.4,5.3,0.118,3.7,-0.4,3.3,2.9,14000000,2017
"25","trevorbooker","BRK","PF",71,43,24.7,4.3,8.3,0.516,0.537,1,1.5,0.673,2,6,8,1.9,1.1,0.4,1.8,2.1,10,15.7,0.554,0.186,8.7,25.5,17.2,12.9,2,1.2,16.6,18.7,1,2.2,3.1,0.086,-1.6,1.7,0.1,0.9,9187500,2017
"26","averybradley","BOS","SG",55,55,33.4,6.5,14.1,0.463,0.533,1.2,1.7,0.731,1.2,4.9,6.1,2.2,1.2,0.2,1.6,2.6,16.3,14.4,0.548,0.12,4,16.2,10.1,11,1.8,0.5,9.7,21.9,1.1,2,3.1,0.081,-0.2,-0.4,-0.5,0.7,8000000,2017
"27","aaronbrooks","IND","PG",65,0,13.8,1.9,4.6,0.403,0.483,0.5,0.6,0.8,0.3,0.8,1.1,1.9,0.4,0.1,1,1.4,5,9.5,0.507,0.133,2.3,6.3,4.3,20.7,1.4,0.9,17.2,19.2,-0.2,0.5,0.3,0.016,-2.1,-2.5,-4.6,-0.6,2116955,2017
"28","alecburks","UTA","SG",42,0,15.5,2.4,5.9,0.399,0.45,1.4,1.9,0.769,0.4,2.5,2.9,0.7,0.4,0.1,0.8,1.2,6.7,11.6,0.501,0.315,3.1,17.7,10.6,7.5,1.4,0.6,11,22.7,-0.1,0.9,0.8,0.056,-3.3,-0.9,-4.2,-0.4,10500000,2017
"29","demarrecarroll","TOR","SF",72,72,26.1,3.1,7.6,0.4,0.499,1.2,1.6,0.761,0.9,2.9,3.8,1,1.1,0.4,0.8,2,8.9,11.9,0.53,0.213,3.8,12.7,8.3,5.7,2.2,1.2,8.2,15.6,1.7,2.1,3.8,0.097,0.7,0.4,1,1.4,14500000,2017
"30","vincecarter","MEM","SF",73,15,24.6,2.6,6.7,0.394,0.508,1.2,1.6,0.765,0.5,2.6,3.1,1.8,0.8,0.5,0.7,2.2,8,11.7,0.542,0.235,2.2,12.5,7.2,11.5,1.7,1.9,8.5,14.9,1.9,2.1,4,0.106,0.1,0.9,1,1.4,8000000,2017
"31","tysonchandler","PHO","C",47,46,27.6,3.3,4.9,0.671,0.671,1.9,2.6,0.734,3.3,8.2,11.5,0.6,0.7,0.5,1.4,2.7,8.4,16.6,0.703,0.544,12.5,33.2,22.6,3.3,1.2,1.5,18.7,11.2,2.7,1.3,4.1,0.151,-0.7,0.3,-0.3,0.5,13000000,2017
"32","wilsonchandler","DEN","SF",71,33,30.9,6.1,13.2,0.461,0.52,2,2.7,0.727,1.5,5,6.5,2,0.7,0.4,1.6,2.4,15.7,14.9,0.545,0.207,5.2,17.8,11.6,9.8,1.1,1.1,10,22,2.4,1.1,3.5,0.077,0.5,-1.4,-0.9,0.6,11625000,2017
"33","jordanclarkson","LAL","SG",82,19,29.2,5.8,13.1,0.445,0.5,1.6,2,0.798,0.6,2.4,3,2.6,1.1,0.1,2,1.8,14.7,13.2,0.526,0.157,2.2,9.3,5.6,14.4,1.8,0.3,12.5,23.3,0.5,0.7,1.2,0.024,-0.5,-2.3,-2.7,-0.4,12500000,2017
"34","darrencollison","SAC","PG",68,64,30.3,5,10.5,0.476,0.527,2.2,2.5,0.86,0.3,1.9,2.2,4.6,1,0.1,1.7,1.8,13.2,15.3,0.57,0.239,1.3,7.1,4.3,24.5,1.6,0.4,12.6,19.8,3.1,0.8,3.9,0.091,0.8,-2.3,-1.5,0.3,10000000,2017
"35","mikeconley","MEM","PG",69,68,33.2,6.7,14.6,0.46,0.545,4.6,5.3,0.859,0.4,3,3.5,6.3,1.3,0.3,2.3,1.8,20.5,23.2,0.604,0.365,1.5,10.8,6,34.5,2.1,0.8,11.8,26.3,7.5,2.5,10,0.209,6.5,-0.8,5.7,4.5,30521115,2017
"36","allencrabbe","POR","SG",79,7,28.5,3.8,8.2,0.468,0.572,1.3,1.6,0.847,0.2,2.6,2.9,1.2,0.7,0.3,0.8,2.2,10.7,11.6,0.602,0.192,0.9,10.2,5.6,6.1,1.2,0.7,8.1,14.9,3.1,1,4.2,0.089,0.3,-1.3,-1,0.6,18708125,2017
"37","jamalcrawford","LAC","SG",82,1,26.3,4.4,10.6,0.413,0.479,2.1,2.5,0.857,0.2,1.4,1.6,2.6,0.7,0.2,1.6,1.4,12.3,12,0.525,0.233,0.9,5.7,3.3,15.2,1.4,0.5,12.3,22.7,0.5,1.4,1.9,0.043,-1,-2.1,-3,-0.6,4436200,2017
"38","jaecrowder","BOS","SF",72,72,32.4,4.6,10,0.463,0.572,2.4,3,0.811,0.7,5.1,5.8,2.2,1,0.3,1.1,2.2,13.9,14.9,0.613,0.301,2.3,17.3,9.9,10.1,1.6,0.8,8.9,17,4.1,2.5,6.7,0.137,1.4,0.2,1.6,2.1,7000000,2017
"39","dantecunningham","NOP","SF",66,35,25,2.6,5.4,0.485,0.584,0.2,0.4,0.593,0.8,3.3,4.2,0.6,0.6,0.4,0.4,1.5,6.6,10.2,0.586,0.075,3.6,14.2,8.9,3.2,1.2,1.4,7,10.7,1.4,1.6,3,0.088,-1.3,0.8,-0.5,0.6,2300000,2017
"40","stephencurry","GSW","PG",79,79,33.4,8.5,18.3,0.468,0.58,4.1,4.6,0.898,0.8,3.7,4.5,6.6,1.8,0.2,3,2.3,25.3,24.6,0.624,0.251,2.7,11.4,7.3,31.2,2.6,0.5,13,30.1,8.7,3.9,12.6,0.229,7.8,-0.4,7.3,6.2,40231758,2017
"41","anthonydavis","NOP","C",75,75,36.1,10.3,20.3,0.505,0.518,6.9,8.6,0.802,2.3,9.5,11.8,2.1,1.3,2.2,2.4,2.2,28,27.5,0.58,0.424,6.7,27.9,17.2,11.1,1.7,5.1,9.1,32.6,5.9,5.1,11,0.195,1.4,2.3,3.7,3.9,25434263,2017
"42","eddavis","POR","PF",46,12,17.2,1.6,3.1,0.528,0.528,1.1,1.8,0.617,2.1,3.2,5.3,0.6,0.3,0.5,0.8,3,4.3,11.5,0.563,0.57,13.4,20.9,17.1,4.6,0.9,2.2,17.2,12,1,0.7,1.7,0.104,-2.2,0.1,-2.1,0,6666667,2017
"43","matthewdellavedova","MIL","PG",76,54,26.1,2.7,7,0.39,0.463,1.1,1.3,0.854,0.3,1.6,1.9,4.7,0.7,0,1.8,2,7.6,9.4,0.501,0.18,1.4,7.1,4.3,25.7,1.4,0,18.8,16.3,0.3,0.9,1.2,0.029,-1.9,-2.8,-4.7,-1.4,9607500,2017
"44","luoldeng","LAL","SF",56,49,26.5,2.9,7.6,0.387,0.447,0.8,1.1,0.73,1.1,4.1,5.3,1.3,0.9,0.4,0.8,1.1,7.6,10.1,0.47,0.149,4.5,17.7,10.8,7,1.6,1.1,8.7,14.2,0.1,0.8,0.9,0.029,-2.3,-0.2,-2.5,-0.2,18000000,2017
"45","demarderozan","TOR","SG",74,74,35.4,9.7,20.9,0.467,0.477,7.4,8.7,0.842,0.9,4.3,5.2,3.9,1.1,0.2,2.4,1.8,27.3,24,0.552,0.419,3,13.6,8.3,20.6,1.5,0.4,9,34.3,6.7,2.4,9,0.166,2.4,-1.5,0.9,1.9,27800000,2017
"46","spencerdinwiddie","BRK","PG",59,18,22.6,2.3,5.1,0.444,0.507,2.1,2.7,0.792,0.5,2.3,2.8,3.1,0.7,0.4,1.1,2,7.3,12.7,0.581,0.526,2.2,10.7,6.5,20.3,1.6,1.3,15.1,14.1,1.9,0.9,2.8,0.101,-0.7,-0.2,-0.9,0.4,967911,2017
"47","gorandragic","MIA","PG",73,73,33.7,7.3,15.4,0.475,0.527,4.1,5.2,0.79,0.8,3,3.8,5.8,1.2,0.2,2.9,2.7,20.3,19.8,0.575,0.335,2.8,9.9,6.3,29,1.8,0.4,14.1,27.1,5,2.6,7.5,0.147,3.4,-0.7,2.7,2.9,17000450,2017
"48","andredrummond","DET","C",81,81,29.7,6,11.2,0.53,0.531,1.7,4.4,0.386,4.3,9.5,13.8,1.1,1.5,1.1,1.9,2.9,13.6,20.9,0.518,0.39,15.1,36.2,25.2,6,2.6,3.1,12.5,22.4,1.4,5.3,6.7,0.133,-2.1,2.9,0.9,1.8,25434263,2017
"49","jareddudley","PHO","PF",64,7,21.3,2.5,5.4,0.454,0.565,0.7,1,0.662,0.5,3,3.5,1.9,0.7,0.3,1.1,2.4,6.8,10.6,0.579,0.188,2.4,15.9,9,12.5,1.5,0.9,16.3,13.8,1.1,0.7,1.8,0.064,-0.1,-0.1,-0.3,0.6,10000000,2017
"50","kevindurant","GSW","SF",62,62,33.4,8.9,16.5,0.537,0.594,5.4,6.2,0.875,0.6,7.6,8.3,4.8,1.1,1.6,2.2,1.9,25.1,27.6,0.651,0.374,2.2,23.6,13.6,23.1,1.5,3.8,10.4,27.8,8,4,12,0.278,5.4,2.6,8,5.2,25625000,2017
"51","wayneellington","MIA","SG",62,13,24.2,3.7,9,0.416,0.55,0.6,0.7,0.86,0.3,1.8,2.1,1.1,0.6,0.1,0.5,1.1,10.5,12.6,0.565,0.077,1.3,8.5,4.9,7.1,1.2,0.2,5,17.9,2.1,1.2,3.3,0.105,1.8,-1.9,-0.2,0.7,6135000,2017
"52","kennethfaried","DEN","PF",61,34,21.2,3.7,6.8,0.548,0.548,2.1,3.1,0.693,3,4.6,7.6,0.9,0.7,0.7,1,2,9.6,20.3,0.588,0.454,15.8,23.6,19.7,6.3,1.6,2.4,10.6,18.3,3.3,1.2,4.5,0.168,0.9,-0.1,0.8,0.9,12500000,2017
"53","derrickfavors","UTA","PF",50,39,23.7,4.1,8.3,0.487,0.49,1.3,2.2,0.615,1.8,4.3,6.1,1.1,0.9,0.8,1.2,2.1,9.5,15.8,0.512,0.261,9.2,20.2,14.9,7.9,2,2.7,11.4,20.7,0.5,2.2,2.7,0.109,-2.4,2.3,-0.1,0.6,11737500,2017
"54","raymondfelton","LAC","PG",80,11,21.3,2.8,6.4,0.43,0.475,0.6,0.8,0.781,0.4,2.3,2.7,2.4,0.8,0.3,1,1.6,6.7,10.9,0.496,0.125,2.2,11.9,7.2,16.3,1.9,1.1,13.3,16.5,0.2,1.8,1.9,0.055,-1.8,0.8,-1,0.4,2328652,2017
"55","evanfournier","ORL","SG",68,66,32.9,6,13.7,0.439,0.508,3.3,4.1,0.805,0.6,2.4,3.1,3,1,0.1,2.1,2.6,17.2,13.9,0.555,0.298,2.1,8.3,5.1,14.8,1.5,0.1,11.8,23.5,1.7,1.1,2.8,0.059,0.8,-2.2,-1.3,0.4,17000000,2017
"56","timfrazier","NOP","PG",65,35,23.5,2.5,6.2,0.403,0.453,1.5,2,0.76,0.5,2.1,2.7,5.2,0.9,0.1,1.6,2,7.1,12.4,0.504,0.319,2.3,9.7,6,31.4,1.8,0.3,18,16.3,1,1.4,2.4,0.075,-1.5,-0.7,-2.2,-0.1,2045000,2017
"57","channingfrye","CLE","C",74,15,18.9,3.2,7,0.458,0.589,0.9,1,0.851,0.5,3.4,3.9,0.6,0.4,0.5,0.7,1.9,9.1,15.6,0.612,0.142,3,19.3,11.4,4.9,1.2,2.1,8.8,19.3,2.3,1.4,3.7,0.125,0.8,-1.5,-0.6,0.5,8000000,2017
"58","danilogallinari","DEN","SF",63,63,33.9,5.3,11.9,0.447,0.531,5.5,6.1,0.902,0.6,4.5,5.2,2.1,0.6,0.2,1.3,1.5,18.2,17.4,0.622,0.516,2,14.7,8.4,9.1,0.9,0.5,8.2,20,6.2,0.7,6.8,0.154,2.9,-2.1,0.8,1.5,21587579,2017
"59","marcgasol","MEM","C",74,74,34.2,7.2,15.7,0.459,0.503,3.8,4.5,0.837,0.8,5.5,6.3,4.6,0.9,1.3,2.2,2.3,19.5,20.3,0.554,0.286,2.6,18.8,10.5,24.8,1.4,3.7,11.3,26.4,4.2,3.5,7.7,0.145,2.1,2.2,4.2,4,22642350,2017
"60","paugasol","SAS","C",64,39,25.4,4.7,9.4,0.502,0.548,2,2.9,0.707,1.7,6.2,7.8,2.3,0.4,1.1,1.3,1.7,12.4,20.2,0.578,0.305,7.6,26.8,17.4,14.7,0.8,3.5,10.6,21.3,3.3,3.1,6.4,0.19,0.9,2.8,3.7,2.4,16000000,2017
"61","rudygay","SAC","SF",30,30,33.8,6.7,14.7,0.455,0.502,3.9,4.6,0.855,1.2,5.2,6.3,2.8,1.5,0.9,2.5,2.6,18.7,17.9,0.559,0.312,4,17.5,10.8,14.1,2.2,2.3,12.8,25.8,0.8,1,1.8,0.087,0.3,0.4,0.7,0.7,8616150,2017
"62","paulgeorge","IND","SF",75,75,35.9,8.3,18,0.461,0.534,4.5,5,0.898,0.8,5.8,6.6,3.3,1.6,0.4,2.9,2.7,23.7,20.2,0.587,0.277,2.5,17.9,10.3,16.1,2.2,0.9,12.7,28.9,3.9,3.1,7.1,0.126,3.1,-0.3,2.8,3.2,18314532,2017
"63","manuginobili","SAS","SG",69,0,18.7,2.5,6.4,0.39,0.491,1.2,1.6,0.804,0.4,1.9,2.3,2.7,1.2,0.2,1.4,1.7,7.5,13.9,0.532,0.244,2.5,11.1,6.9,20.8,3.2,1,16.5,20.4,0.6,2.4,3,0.11,0.5,1.4,1.9,1.3,2500000,2017
"64","ericgordon","HOU","SG",75,15,31,5.5,13.5,0.406,0.527,2,2.3,0.84,0.4,2.3,2.7,2.5,0.6,0.5,1.6,2,16.2,13.2,0.557,0.172,1.4,8.1,4.7,12.3,1,1.4,10,22.1,2.5,1.4,3.8,0.079,1,-2.4,-1.4,0.4,13221622,2017
"65","marcingortat","WAS","C",82,82,31.2,4.8,8.2,0.579,0.579,1.3,1.9,0.648,2.9,7.5,10.4,1.5,0.5,0.7,1.5,2.6,10.8,15.4,0.593,0.236,10.6,26.8,18.7,6.8,0.8,2,13.8,14.7,3.9,2.9,6.8,0.127,-0.9,1.2,0.3,1.5,12000000,2017
"66","dannygreen","SAS","SG",68,68,26.6,2.6,6.6,0.392,0.523,0.4,0.5,0.844,0.5,2.8,3.3,1.8,1,0.8,1.1,1.8,7.3,10.1,0.537,0.071,2,11.8,7,9.6,2,2.6,14.1,13.5,0.4,3,3.4,0.09,-0.3,2.7,2.4,2,10000000,2017
"67","draymondgreen","GSW","PF",76,76,32.5,3.6,8.6,0.418,0.481,2,2.8,0.709,1.3,6.6,7.9,7,2,1.4,2.4,2.9,10.2,16.5,0.522,0.328,4.7,20.9,13.3,27.6,3,3.4,19.8,16.2,2.8,5.4,8.2,0.16,0.5,5,5.4,4.6,16400000,2017
"68","geraldgreen","BOS","SF",47,0,11.4,2,4.9,0.409,0.494,0.7,0.9,0.805,0.3,1.4,1.8,0.7,0.2,0.1,0.5,1,5.6,11.9,0.524,0.177,3.3,13.9,8.7,9.8,0.8,1.1,9.1,22.7,0.1,0.4,0.6,0.05,-2,-2.8,-4.7,-0.4,2328652,2017
"69","jeffgreen","ORL","PF",69,11,22.2,3.2,8.1,0.394,0.442,2.1,2.4,0.863,0.6,2.5,3.1,1.2,0.5,0.2,1.1,1.5,9.2,10.5,0.505,0.301,2.7,12.8,7.6,8.1,1.2,0.7,10.6,20.3,-0.2,0.9,0.7,0.022,-2.8,-1.8,-4.6,-1,2328652,2017
"70","blakegriffin","LAC","PF",61,61,34,7.9,15.9,0.493,0.513,5.2,6.9,0.76,1.8,6.3,8.1,4.9,0.9,0.4,2.3,2.6,21.6,22.6,0.569,0.434,6.2,20.2,13.4,24.5,1.4,0.9,10.9,28,5.4,2.4,7.7,0.179,3.2,1.3,4.4,3.4,34234964,2017
"71","jamesharden","HOU","PG",81,81,36.4,8.3,18.9,0.44,0.525,9.2,10.9,0.847,1.2,7,8.1,11.2,1.5,0.5,5.7,2.7,29.1,27.4,0.613,0.575,3.5,20.9,12.2,50.7,2,1,19.5,34.2,11.5,3.6,15,0.245,8.7,1.5,10.1,9,29491212,2017
"72","mauriceharkless","POR","SF",77,69,28.9,4.1,8.1,0.503,0.558,1,1.6,0.621,1.6,2.8,4.4,1.1,1.1,0.9,1.1,2.8,10,13.1,0.57,0.199,6.2,10.8,8.5,5.9,1.9,2.5,11.2,15.2,2.3,1.9,4.2,0.091,0,0.7,0.7,1.5,10500000,2017
"73","devinharris","DAL","PG",65,0,16.7,2.1,5.2,0.399,0.484,1.6,2,0.829,0.2,1.8,2,2.1,0.7,0.1,0.9,1.6,6.7,13.8,0.549,0.378,1.1,13,6.8,20,2.1,0.6,12.5,19.7,1.1,1.1,2.2,0.096,-0.1,-0.3,-0.4,0.4,4140721,2017
"74","joeharris","BRK","SG",52,11,21.9,3,7,0.425,0.543,0.7,0.9,0.714,0.3,2.5,2.8,1,0.6,0.2,1.1,2.3,8.2,9,0.558,0.135,1.5,12,6.8,7.3,1.2,0.5,12.5,16.5,0.1,0.6,0.8,0.032,-1.4,-1.5,-3,-0.3,1015838,2017
"75","tobiasharris","DET","PF",82,48,31.3,6.2,13,0.481,0.532,2.3,2.8,0.841,0.8,4.3,5.1,1.7,0.7,0.5,1.2,1.6,16.1,16.9,0.568,0.213,2.6,15.6,8.8,8.8,1.2,1.3,7.6,21.7,4,2.8,6.8,0.128,1,0.1,1.2,2,16000000,2017
"76","gordonhayward","UTA","SF",73,73,34.5,7.5,15.8,0.471,0.536,5,5.9,0.844,0.7,4.7,5.4,3.5,1,0.3,1.9,1.6,21.9,22.2,0.595,0.371,2.3,15.4,9,18.2,1.5,0.6,9.4,27.6,7.1,3.3,10.4,0.199,4.2,0,4.2,4,31957493,2017
"77","johnhenson","MIL","C",58,39,19.4,2.7,5.3,0.515,0.515,1.3,1.8,0.692,1.6,3.5,5.1,1,0.5,1.3,0.9,2.6,6.8,15.3,0.55,0.346,9.6,20.8,15.3,7.7,1.3,6.1,12.7,16.6,1.2,1.6,2.7,0.116,-2.5,2.5,-0.1,0.6,12000000,2017
"78","nenehilario","HOU","C",67,8,17.9,3.7,5.9,0.617,0.621,1.7,2.9,0.589,1.4,2.8,4.2,1,0.8,0.6,1.1,2.4,9.1,18.9,0.63,0.496,8.6,17,12.8,8.6,2.2,2.6,13.1,19.7,2.5,1.6,4.1,0.165,-0.4,0.8,0.5,0.7,3651480,2017
"79","georgehill","UTA","PG",49,49,31.5,5.9,12.4,0.477,0.554,3.2,4,0.801,0.5,2.9,3.4,4.2,1,0.2,1.7,2.3,16.9,19.3,0.599,0.323,1.8,10.5,6.2,22.8,1.7,0.6,10.9,23.5,4,1.9,5.9,0.182,3.9,-0.2,3.6,2.2,19000000,2017
"80","solomonhill","NOP","SF",80,71,29.7,2.3,6,0.383,0.481,1.3,1.6,0.805,0.6,3.2,3.8,1.8,0.9,0.4,1,2.3,7,8,0.527,0.268,2.3,11.4,6.8,8.1,1.5,1.1,13.3,11.5,0.4,2.3,2.7,0.055,-1.8,1.5,-0.3,1,12000000,2017
"81","jrueholiday","NOP","PG",67,61,32.7,6,13.3,0.454,0.51,1.8,2.5,0.708,0.7,3.3,3.9,7.3,1.5,0.7,2.9,2,15.4,17.1,0.532,0.188,2.2,10.6,6.4,35.9,2.2,1.6,16.7,23.5,1.3,2.6,3.8,0.084,1.2,0.5,1.7,2,26361000,2017
"82","justinholiday","NYK","SG",82,4,20,2.8,6.6,0.433,0.523,0.8,1,0.825,0.3,2.4,2.7,1.2,0.8,0.4,0.8,1.3,7.7,12.7,0.549,0.149,1.8,13.1,7.4,9.2,2,1.5,10.3,16.9,1.3,1.2,2.5,0.073,-0.3,-0.8,-1.1,0.4,4500000,2017
"83","rondaehollisjefferson","BRK","SF",78,50,22.6,3,6.9,0.434,0.447,2.4,3.2,0.751,1.2,4.6,5.8,2,1.1,0.6,1.5,2.3,8.7,13.7,0.517,0.467,5.8,21.1,13.6,13.4,2.2,1.9,15.1,18.7,0.4,2.2,2.6,0.07,-2.9,1.9,-1,0.4,1395600,2017
"84","alhorford","BOS","C",68,68,32.3,5.6,11.8,0.473,0.527,1.6,2,0.8,1.4,5.4,6.8,5,0.8,1.3,1.7,2,14,17.7,0.553,0.169,4.9,18.6,11.8,24.4,1.2,3.2,11.8,19.7,3.6,2.7,6.3,0.138,1,2,3.1,2.8,28331557,2017
"85","dwighthoward","ATL","C",74,74,29.7,5.2,8.3,0.633,0.633,3.1,5.7,0.533,4,8.7,12.7,1.4,0.9,1.2,2.3,2.7,13.5,20.8,0.627,0.692,15,31.7,23.5,7.8,1.4,3.6,17.5,19.2,3.8,4.5,8.3,0.181,-0.5,2.8,2.3,2.4,23500000,2017
"86","krishumphries","ATL","PF",56,4,12.3,1.6,3.8,0.407,0.451,1.1,1.5,0.78,1.1,2.6,3.7,0.5,0.3,0.4,0.5,1.2,4.6,13.6,0.514,0.383,9.7,23,16.4,6.4,1.1,2.6,10.1,17.6,0.6,1.1,1.6,0.115,-3,0.3,-2.7,-0.1,2328652,2017
"87","andreiguodala","GSW","SF",76,0,26.3,2.9,5.5,0.528,0.605,0.9,1.3,0.706,0.7,3.3,4,3.4,1,0.5,0.8,1.3,7.6,14.3,0.624,0.246,3,13.1,8.3,16.7,1.8,1.5,11.2,11.2,4.1,2.9,6.9,0.167,1.3,1.7,3,2.5,16000000,2017
"88","kyrieirving","CLE","PG",72,72,35.1,9.3,19.7,0.473,0.535,4.1,4.6,0.905,0.7,2.5,3.2,5.8,1.2,0.3,2.5,2.2,25.2,23,0.58,0.231,2.3,7.5,5,29.7,1.6,0.8,10.3,30.8,7.4,1.5,8.9,0.17,4.8,-2.3,2.5,2.9,18868625,2017
"89","reggiejackson","DET","PG",52,50,27.4,5.5,13,0.419,0.468,2.3,2.6,0.868,0.4,1.8,2.2,5.2,0.7,0.1,2.2,2.5,14.5,14.9,0.51,0.201,1.5,7.4,4.4,30.3,1.2,0.3,13.4,26.4,0.8,1.2,1.9,0.065,0.6,-2,-1.4,0.2,16000000,2017
"90","lebronjames","CLE","SF",74,74,37.8,9.9,18.2,0.548,0.594,4.8,7.2,0.674,1.3,7.3,8.6,8.7,1.2,0.6,4.1,1.8,26.4,27,0.619,0.395,4,20.7,12.6,41.3,1.6,1.3,16.1,30,9.8,3,12.9,0.221,6.8,1.6,8.4,7.3,33285709,2017
"91","aljefferson","IND","C",66,1,14.1,3.6,7.1,0.499,0.499,1,1.3,0.765,1.1,3.1,4.2,0.9,0.3,0.2,0.5,1.9,8.1,18.9,0.526,0.18,9.2,24.2,16.8,11,1,1.5,6.1,26.1,1.2,1.1,2.3,0.119,-1.5,-1.5,-3.1,-0.2,10000000,2017
"92","richardjefferson","CLE","SF",79,13,20.4,1.9,4.3,0.446,0.536,1,1.4,0.741,0.4,2.2,2.6,1,0.3,0.1,0.7,1.9,5.7,8.3,0.574,0.315,2,11.6,6.9,6.6,0.8,0.5,11.8,12.2,1.3,0.8,2.1,0.063,-1.4,-1,-2.4,-0.2,2537500,2017
"93","jonasjerebko","BOS","PF",78,6,15.8,1.5,3.4,0.435,0.521,0.3,0.5,0.703,0.8,2.7,3.5,0.9,0.3,0.2,0.5,1.6,3.8,9.3,0.537,0.141,5.4,19.1,12.3,8.1,1,1.1,12.3,11.4,0.8,1.3,2.1,0.08,-2.4,0.3,-2.1,0,4100000,2017
"94","amirjohnson","BOS","PF",80,77,20.1,2.7,4.6,0.576,0.612,0.8,1.3,0.67,1.5,3.1,4.6,1.8,0.6,0.8,1,2.6,6.5,15,0.628,0.27,8.3,17,12.7,13,1.6,3.2,15.7,13.6,2.9,2.1,5,0.149,-0.2,2.4,2.2,1.7,11000000,2017
"95","jamesjohnson","MIA","PF",76,5,27.4,4.8,10.1,0.479,0.535,2,2.8,0.707,0.9,4.1,4.9,3.6,1,1.1,2.3,2.6,12.8,17,0.564,0.28,3.5,16.6,10,20.9,1.8,3.2,16.5,22,1.9,3.2,5.1,0.117,0.5,2.3,2.8,2.5,14431700,2017
"96","joejohnson","UTA","SF",78,14,23.6,3.5,8,0.436,0.521,0.8,1,0.818,0.4,2.7,3.1,1.8,0.5,0.2,0.9,1.2,9.2,12.8,0.542,0.123,2.1,12.8,7.6,12.6,1,0.8,9.5,18.5,1.7,2.1,3.8,0.099,-0.2,-0.1,-0.3,0.8,10752500,2017
"97","tylerjohnson","MIA","PG",73,0,29.8,4.9,11.3,0.433,0.49,2.7,3.5,0.768,0.7,3.3,4,3.2,1.2,0.6,1.2,2.4,13.7,15.9,0.535,0.308,2.5,12.5,7.4,16.6,1.9,1.6,8.8,20.9,3.1,2.7,5.8,0.128,0.7,0.8,1.5,1.9,12500000,2017
"98","wesleyjohnson","LAC","SF",68,3,11.9,1.1,2.9,0.365,0.438,0.2,0.3,0.647,0.4,2.3,2.7,0.3,0.4,0.4,0.3,1.2,2.7,8.4,0.448,0.085,3.7,20.8,12.5,3.9,1.8,3,8,12.5,-0.3,1.2,0.9,0.051,-3.4,1.6,-1.8,0,5881260,2017
"99","deandrejordan","LAC","C",81,81,31.7,5.1,7.1,0.714,0.714,2.5,5.2,0.482,3.7,10.1,13.8,1.2,0.6,1.7,1.4,2.6,12.7,21.8,0.673,0.737,13.3,34.6,24.2,5.7,1,4.3,13.1,15.3,7.2,4.6,11.8,0.221,1,3,4.1,3.9,21904013,2017
"100","coryjoseph","TOR","PG",80,22,25,3.7,8.3,0.452,0.489,1.2,1.5,0.77,0.6,2.3,2.9,3.3,0.8,0.2,1.4,1.8,9.3,13.2,0.518,0.185,2.9,10.4,6.6,20,1.7,0.6,13.1,18.4,1.7,1.7,3.4,0.082,-0.4,-0.4,-0.8,0.6,7472500,2017
"101","eneskanter","OKC","C",72,0,21.3,5.6,10.2,0.545,0.549,3.1,4,0.786,2.7,4,6.7,0.9,0.4,0.5,1.7,2.1,14.3,23.7,0.599,0.387,14.1,20.8,17.4,7.9,1,2,12.5,27.3,4,1.8,5.8,0.183,0.6,-1.9,-1.2,0.3,17515007,2017
"102","michaelkiddgilchrist","CHO","SF",81,81,29,3.6,7.6,0.477,0.478,1.9,2.4,0.784,1.9,5,7,1.4,1,1,0.7,2.3,9.2,14.3,0.528,0.314,7.3,19.3,13.2,7.4,1.7,2.9,7.4,14.6,2.7,3.1,5.8,0.119,-2,2.2,0.2,1.3,13000000,2017
"103","seankilpatrick","BRK","SG",70,24,25.1,4.4,10.5,0.415,0.486,2.9,3.5,0.843,0.3,3.7,4,2.2,0.6,0.1,1.9,1.7,13.1,13.1,0.546,0.329,1.3,15.4,8.4,14.6,1.2,0.3,13.8,23.8,0.4,1.1,1.4,0.04,-1.2,-1.8,-3,-0.4,750951,2017
"104","brandonknight","PHO","SG",54,5,21.1,3.9,9.7,0.398,0.441,2.4,2.9,0.857,0.5,1.7,2.2,2.4,0.5,0.1,1.6,1.6,11,12.4,0.502,0.293,2.3,9.1,5.6,17.8,1.1,0.4,12.9,25,0.1,0.2,0.3,0.015,-1.4,-3,-4.5,-0.7,14000000,2017
"105","kostakoufos","SAC","C",71,62,20,3,5.5,0.551,0.551,0.5,0.9,0.613,1.7,4,5.7,0.7,0.5,0.7,0.9,2.4,6.6,13.8,0.56,0.158,9.7,23,16.4,5.3,1.3,3.1,12.7,15.3,1.2,1.4,2.6,0.089,-2.6,0.7,-1.9,0,8219750,2017
"106","jeremylamb","CHO","SG",62,5,18.4,3.6,7.9,0.46,0.502,1.8,2.1,0.853,0.5,3.8,4.3,1.2,0.4,0.4,0.6,1.6,9.7,17,0.55,0.263,2.9,22.6,12.7,11.3,1.2,1.8,6.8,23.2,1.4,1.3,2.7,0.115,-0.8,-0.9,-1.7,0.1,7000000,2017
"107","courtneylee","NYK","SG",77,74,31.9,4.2,9.1,0.456,0.533,1.1,1.3,0.867,0.7,2.7,3.4,2.3,1.1,0.3,0.9,1.8,10.8,12.2,0.559,0.139,2.3,9,5.7,10.6,1.6,0.8,8.5,14.4,3.1,1.1,4.2,0.081,0.6,-0.7,-0.1,1.1,12000835,2017
"108","kawhileonard","SAS","SF",74,74,33.4,8.6,17.7,0.485,0.541,6.3,7.2,0.88,1.1,4.7,5.8,3.5,1.8,0.7,2.1,1.6,25.5,27.6,0.61,0.406,3.7,15.7,9.8,18.9,2.7,1.8,9.1,31.1,8.9,4.7,13.6,0.264,6.4,1.5,7.9,6.2,18868625,2017
"109","meyersleonard","POR","PF",74,12,16.5,2,5.1,0.386,0.484,0.5,0.5,0.875,0.4,2.8,3.2,1,0.2,0.4,0.5,2.3,5.4,8.9,0.507,0.106,2.4,19.1,10.8,8.4,0.5,1.8,8.1,15.5,0.5,0.8,1.4,0.053,-2.1,-1.3,-3.3,-0.4,10250000,2017
"110","jonleuer","DET","PF",75,34,25.9,4.1,8.6,0.48,0.518,1.3,1.5,0.867,1.4,4,5.4,1.5,0.4,0.3,0.9,1.9,10.2,14.2,0.551,0.175,5.5,17.5,11.3,8.6,0.8,1.1,8.7,17.3,2.5,2,4.5,0.112,-0.4,0.5,0.1,1,10500000,2017
"111","carislevert","BRK","SF",57,26,21.7,3,6.7,0.45,0.528,1.2,1.6,0.72,0.4,2.9,3.3,1.9,0.9,0.1,1,1.6,8.2,12.3,0.556,0.245,2,13.9,8,13.7,1.9,0.5,12.3,16.6,0.8,1,1.8,0.07,-0.7,-0.4,-1.1,0.3,1597380,2017
"112","damianlillard","POR","PG",75,75,35.9,8.8,19.8,0.444,0.516,6.5,7.3,0.895,0.6,4.3,4.9,5.9,0.9,0.3,2.6,2,27,24.1,0.586,0.366,1.9,13.3,7.6,28.7,1.3,0.6,10.2,31.5,8.8,1.5,10.4,0.185,6.4,-2,4.3,4.3,27977689,2017
"113","jeremylin","BRK","PG",36,33,24.5,4.9,11.1,0.438,0.51,3.2,3.9,0.816,0.3,3.4,3.8,5.1,1.2,0.4,2.4,2.2,14.5,19.2,0.566,0.353,1.3,14.7,8.1,35.5,2.3,1.2,15.7,26.6,1.3,0.8,2.1,0.116,2.5,-0.4,2.2,0.9,12766667,2017
"114","shaunlivingston","GSW","PG",76,3,17.7,2.3,4.2,0.547,0.549,0.6,0.8,0.7,0.4,1.6,2,1.8,0.5,0.3,0.8,1.6,5.1,10.1,0.568,0.19,2.4,9.4,6.2,13.5,1.4,1.2,15.3,13,1.1,1.6,2.6,0.093,-2.5,0.5,-2,0,7897436,2017
"115","brooklopez","BRK","C",75,75,29.6,7.4,15.6,0.474,0.531,3.9,4.9,0.81,1.6,3.8,5.4,2.3,0.5,1.7,2.5,2.6,20.5,20.4,0.578,0.311,5.8,13.3,9.6,14.8,0.8,4.2,12.1,29.2,3.1,1.8,4.9,0.105,1.9,-0.4,1.5,2,21165675,2017
"116","robinlopez","CHI","C",81,81,28,4.7,9.6,0.493,0.493,0.9,1.3,0.721,3,3.4,6.4,1,0.2,1.4,1.1,1.9,10.4,14.4,0.511,0.134,11.5,13.2,12.3,5.6,0.4,4.1,10,17.5,1.8,2.4,4.3,0.09,-1.9,1,-0.9,0.6,13503875,2017
"117","kevinlove","CLE","PF",60,60,31.4,6.2,14.5,0.427,0.51,4.3,4.9,0.871,2.5,8.6,11.1,1.9,0.9,0.4,2,2.1,19,21.1,0.573,0.34,8.9,29.3,19.5,9.8,1.4,0.9,10.9,26.4,4,2.4,6.4,0.163,1.7,-0.9,0.8,1.3,22642350,2017
"118","kylelowry","TOR","PG",60,60,37.4,7.1,15.3,0.464,0.569,5,6.1,0.819,0.8,4,4.8,7,1.5,0.3,2.9,2.8,22.4,22.9,0.623,0.398,2.4,12,7.2,29.9,2,0.7,13.8,24.9,7.8,2.3,10.1,0.216,7.1,-0.5,6.6,4.9,33333333,2017
"119","shelvinmack","UTA","PG",55,9,21.9,3.1,6.9,0.446,0.495,1,1.4,0.688,0.4,1.9,2.3,2.8,0.8,0.1,1.6,1.8,7.8,10.9,0.518,0.202,2,9.8,6,20.4,1.8,0.2,17.8,19.6,-0.1,1.5,1.4,0.054,-1.7,-0.1,-1.8,0.1,6000000,2017
"120","ianmahinmi","WAS","C",31,0,17.9,2.1,3.6,0.586,0.586,1.4,2.4,0.573,1.5,3.3,4.8,0.6,1.1,0.8,1.1,2.9,5.6,14.1,0.601,0.676,9.6,20.8,15.2,4.7,2.9,3.6,19.1,14,0.5,0.9,1.4,0.123,-2.1,2.9,0.8,0.4,16000000,2017
"121","wesleymatthews","DAL","SG",73,73,34.2,4.6,11.6,0.393,0.496,2,2.5,0.816,0.2,3.3,3.5,2.9,1.1,0.2,1.4,2.2,13.5,11.9,0.533,0.211,0.8,11.8,6,13.6,1.6,0.5,9.9,19.4,1,2.1,3.1,0.06,0.2,-0.1,0.1,1.3,17515007,2017
"122","javalemcgee","GSW","C",77,10,9.6,2.7,4.1,0.652,0.652,0.7,1.4,0.505,1.3,1.9,3.2,0.2,0.2,0.9,0.5,1.4,6.1,25.2,0.642,0.348,15.9,20.1,18.1,3.8,1.2,7.1,9.8,23.8,2,1.5,3.5,0.225,0.2,0.5,0.8,0.5,2116955,2017
"123","jodiemeeks","ORL","SG",36,10,20.5,2.9,7.1,0.402,0.512,1.8,2.1,0.878,0.1,2,2.1,1.3,0.9,0.1,1,1.1,9.1,13.1,0.567,0.289,0.7,10.9,5.7,9.3,2.3,0.4,11.1,19.4,0.5,0.6,1.1,0.073,-0.4,-1.4,-1.8,0,3372250,2017
"124","khrismiddleton","MIL","SF",29,23,30.7,5.2,11.5,0.45,0.518,2.8,3.2,0.88,0.4,3.9,4.2,3.4,1.4,0.2,2.2,2.7,14.7,15,0.57,0.276,1.5,14.5,8.1,17.5,2.3,0.7,14.8,22.5,0.7,0.9,1.6,0.085,0,-0.6,-0.5,0.3,14000000,2017
"125","cjmiles","IND","SF",76,29,23.4,3.7,8.5,0.434,0.565,1.1,1.2,0.903,0.4,2.6,3,0.6,0.6,0.3,0.5,2,10.7,13.8,0.592,0.144,1.9,12.4,7.2,4.1,1.3,1.2,5.5,18.4,2.7,1.4,4,0.109,1.6,-2.1,-0.5,0.7,8333333,2017
"126","paulmillsap","ATL","PF",69,67,34,6.2,14.1,0.442,0.481,4.5,5.9,0.768,1.6,6.1,7.7,3.7,1.3,0.9,2.3,2.7,18.1,17.8,0.542,0.417,5.3,19.5,12.5,17.9,1.9,2.3,12.1,24.4,2.6,3.8,6.4,0.132,0.5,2.1,2.7,2.7,30500000,2017
"127","gregmonroe","MIL","C",81,0,22.5,4.8,9,0.533,0.533,2.2,3,0.741,2.1,4.5,6.6,2.3,1.1,0.5,1.7,2.1,11.7,21.1,0.572,0.329,10.8,23.1,17,17.3,2.6,1.8,14.4,24.3,3,2.6,5.6,0.147,0.5,1.5,2,1.9,17145838,2017
"128","etwaunmoore","NOP","SG",73,22,24.9,3.9,8.5,0.457,0.519,0.8,1,0.77,0.5,1.6,2.1,2.2,0.7,0.4,0.8,1.8,9.6,12.1,0.537,0.12,1.9,6.9,4.4,13.8,1.3,1.4,8.7,17.4,1.2,1.5,2.7,0.07,-0.9,-0.5,-1.3,0.3,8500000,2017
"129","marcusmorris","DET","SF",79,79,32.5,5.3,12.7,0.418,0.477,1.8,2.3,0.784,1,3.7,4.6,2,0.7,0.3,1.1,2.1,14,12.4,0.508,0.184,3.2,12.8,7.8,9.4,1,0.8,7.4,20.3,1.4,2.4,3.9,0.072,-0.3,-0.2,-0.5,1,5000000,2017
"130","markieffmorris","WAS","PF",76,76,31.2,5.3,11.7,0.457,0.497,2.4,2.8,0.837,1.4,5.1,6.5,1.7,1.1,0.6,1.7,3.3,14,13.7,0.54,0.242,5.1,18.2,11.7,7.8,1.7,1.5,11.6,20.5,1.6,2.5,4.1,0.083,-1.3,0.3,-1,0.6,8000000,2017
"131","timofeymozgov","LAL","C",54,52,20.4,3.1,6.1,0.515,0.515,1.2,1.4,0.808,1.9,3,4.9,0.8,0.3,0.6,1.3,2.5,7.4,12.3,0.553,0.238,9.9,16.4,13.1,5.9,0.7,2.3,16.6,16.8,0.7,0.4,1.1,0.048,-2.8,-0.8,-3.6,-0.4,16000000,2017
"132","jameernelson","DEN","PG",75,39,27.3,3.6,8.1,0.444,0.531,0.6,0.8,0.714,0.4,2.2,2.6,5.1,0.7,0.1,1.7,2.6,9.2,11.5,0.544,0.104,1.5,8.8,5.2,26,1.3,0.3,16.8,15.8,2.3,0.5,2.8,0.066,0.4,-2.3,-2,0,4540525,2017
"133","joakimnoah","NYK","C",46,46,22.1,2.2,4.4,0.49,0.49,0.7,1.7,0.436,3.5,5.2,8.8,2.2,0.7,0.8,1.3,2.8,5,15.2,0.491,0.386,17.1,25.6,21.4,14.1,1.5,3,19.7,12.6,1,1.2,2.2,0.106,-0.7,2.8,2.1,1.1,18147500,2017
"134","dirknowitzki","DAL","PF",54,54,26.4,5.5,12.6,0.437,0.495,1.8,2.1,0.875,0.4,6.1,6.5,1.5,0.6,0.7,0.9,2.1,14.2,17,0.529,0.165,1.8,28.3,14.4,10.6,1.1,2.4,6.6,25.8,0.6,1.9,2.5,0.084,-1.6,0.3,-1.3,0.2,5000000,2017
"135","kyleoquinn","NYK","C",79,8,15.6,2.7,5.2,0.521,0.523,0.8,1.1,0.771,2,3.6,5.6,1.5,0.5,1.3,1,2.2,6.3,20.5,0.552,0.201,13.7,24.8,19.2,14.8,1.5,6.9,14.5,18.5,2.1,1.8,3.9,0.151,-0.1,3.7,3.5,1.7,4003125,2017
"136","zazapachulia","GSW","C",70,70,18.1,2.3,4.4,0.534,0.534,1.4,1.8,0.778,2,3.9,5.9,1.9,0.8,0.5,1.2,2.4,6.1,16.1,0.588,0.41,12.9,22,17.7,13.6,2.2,2,19.4,15.3,2.3,2.5,4.7,0.178,-0.3,3,2.7,1.5,3477600,2017
"137","tonyparker","SAS","PG",63,63,25.2,4.2,9,0.466,0.486,1.3,1.9,0.726,0.1,1.7,1.8,4.5,0.5,0,1.4,1.5,10.1,13,0.514,0.206,0.7,7.3,4,27.8,1.1,0.1,12.5,20.2,1.4,1.7,3,0.092,-1.2,-1.7,-3,-0.4,14445313,2017
"138","chandlerparsons","MEM","SF",34,34,19.9,2.2,6.5,0.338,0.394,1,1.3,0.814,0.2,2.3,2.5,1.6,0.6,0.1,0.7,1.5,6.2,7.7,0.436,0.194,1,13.6,7.1,12.8,1.5,0.7,9.1,17.8,-0.5,0.7,0.2,0.015,-3.6,-0.5,-4.1,-0.3,23609631,2017
"139","patrickpatterson","TOR","PF",65,8,24.6,2.4,5.9,0.401,0.523,0.7,0.9,0.717,1,3.6,4.5,1.2,0.6,0.4,0.6,1.8,6.8,10.8,0.542,0.156,4.4,16.3,10.4,6.6,1.3,1.2,8.5,12.5,1.7,1.6,3.3,0.1,0.5,0.4,0.9,1.2,5451600,2017
"140","chrispaul","LAC","PG",61,61,31.5,6.1,12.9,0.476,0.555,3.8,4.3,0.892,0.7,4.3,5,9.2,2,0.1,2.4,2.4,18.1,26.2,0.614,0.331,2.4,15,8.9,46.8,3.1,0.3,14,24.4,7.9,2.6,10.6,0.264,7.8,1.1,8.8,5.3,21468695,2017
"141","dwightpowell","DAL","C",77,3,17.3,2.5,4.9,0.515,0.542,1.4,1.8,0.759,1.2,2.8,4,0.6,0.8,0.5,0.4,1.8,6.7,17.6,0.588,0.374,7.7,19.5,13.3,6.1,2.4,2.6,7.2,16.7,2.7,1.9,4.6,0.165,-0.5,1.9,1.4,1.2,9317188,2017
"142","zachrandolph","MEM","PF",73,5,24.5,5.9,13.2,0.449,0.46,1.9,2.6,0.731,2.5,5.7,8.2,1.7,0.5,0.1,1.4,1.9,14.1,18.5,0.49,0.2,11.3,27.4,19.2,13.5,1.1,0.5,8.6,29.2,0.8,2.4,3.2,0.086,-1.4,-0.7,-2.1,0,12000000,2017
"143","jjredick","LAC","SG",78,78,28.2,5.1,11.4,0.445,0.558,2.3,2.6,0.891,0.1,2.1,2.2,1.4,0.7,0.2,1.3,1.6,15,14.8,0.599,0.227,0.6,7.9,4.4,7.8,1.2,0.5,9.1,22,3.3,1.5,4.8,0.105,2,-2.1,-0.1,1.1,23000000,2017
"144","austinrivers","LAC","SG",74,29,27.8,4.4,9.9,0.442,0.518,1.8,2.6,0.691,0.3,1.9,2.2,2.8,0.6,0.1,1.6,2.5,12,11.4,0.545,0.261,1.1,7.5,4.4,15,1.2,0.4,12.4,20.3,1.2,1.3,2.5,0.059,-0.1,-1.5,-1.6,0.2,11825000,2017
"145","rajonrondo","CHI","PG",69,42,26.7,3.3,8.1,0.408,0.453,0.4,0.7,0.6,1.1,4.1,5.1,6.7,1.4,0.2,2.4,2.1,7.8,13.6,0.461,0.089,4.2,16.6,10.4,37,2.7,0.5,22.5,17.8,-0.4,2.7,2.3,0.06,-1.3,1.6,0.3,1.1,3300000,2017
"146","derrickrose","NYK","PG",64,64,32.5,7.2,15.3,0.471,0.477,3.5,4,0.874,1,2.8,3.8,4.4,0.7,0.3,2.3,1.3,18,17,0.53,0.259,3.4,9.3,6.4,22.8,1.1,0.7,11.9,25.7,2.4,0.6,3,0.068,0.2,-2.2,-1.9,0,2106470,2017
"147","rickyrubio","MIN","PG",75,75,32.9,3.5,8.7,0.402,0.448,3.4,3.8,0.891,0.9,3.2,4.1,9.1,1.7,0.1,2.6,2.7,11.1,16.8,0.539,0.438,3.2,11.4,7.2,38.9,2.6,0.3,20.1,17.4,4.5,1.7,6.1,0.119,1.7,-0.9,0.8,1.7,13750000,2017
"148","brandonrush","MIN","SG",47,33,21.9,1.5,4,0.374,0.492,0.3,0.4,0.722,0.3,1.8,2.1,1,0.5,0.5,0.6,0.9,4.2,6.6,0.505,0.096,1.8,9.5,5.6,5.8,1.1,1.9,12.6,9.6,0.1,0.3,0.4,0.019,-2,-0.1,-2.1,0,2116955,2017
"149","thabosefolosha","ATL","SF",62,42,25.7,2.8,6.4,0.441,0.492,0.9,1.2,0.733,0.9,3.5,4.4,1.7,1.5,0.5,0.9,1.6,7.2,11.9,0.519,0.19,3.8,14.7,9.3,9.9,3,1.7,11.9,13.3,0.6,2.7,3.3,0.098,-1.9,3.1,1.2,1.3,5250000,2017
"150","ramonsessions","CHO","PG",50,1,16.2,2,5.3,0.38,0.42,1.8,2.4,0.771,0.2,1.2,1.5,2.6,0.5,0.1,0.9,0.9,6.2,12.4,0.495,0.449,1.5,8.5,4.9,24.2,1.7,0.3,12.7,20.1,0.3,0.6,0.9,0.055,-2.4,-2.2,-4.6,-0.5,2328652,2017
"151","imanshumpert","CLE","SG",76,31,25.5,2.6,6.4,0.411,0.507,0.9,1.2,0.789,0.5,2.4,2.9,1.4,0.8,0.4,1,2,7.5,9,0.536,0.184,2.3,9.9,6.2,7.8,1.6,1.1,12.9,14,0.7,1.4,2,0.05,-1.3,0,-1.3,0.3,10000000,2017
"152","kylesingler","OKC","SF",32,2,12,1.1,2.6,0.41,0.452,0.4,0.5,0.765,0.3,1.3,1.5,0.3,0.2,0.2,0.3,0.9,2.8,5.9,0.486,0.205,2.3,11.5,6.9,3.2,0.9,1,10.8,11.2,0,0.3,0.3,0.034,-4.6,-1.3,-5.9,-0.4,4750000,2017
"153","jrsmith","CLE","SG",41,35,29,3,8.7,0.346,0.479,0.2,0.4,0.667,0.4,2.3,2.8,1.5,1,0.3,0.6,1.9,8.6,8.1,0.484,0.042,1.6,8.6,5.2,7.3,1.7,0.7,6.7,14.6,0.1,0.8,0.8,0.034,-0.5,-0.7,-1.3,0.2,14250000,2017
"154","jasonsmith","WAS","C",74,3,14.4,2.4,4.4,0.529,0.585,0.5,0.7,0.686,0.9,2.6,3.5,0.5,0.3,0.7,0.8,2.3,5.7,13.6,0.598,0.155,6.8,20.4,13.6,5,1,4.2,14.2,16.7,1,1.3,2.3,0.103,-2,0.6,-1.4,0.2,5225000,2017
"155","marreesespeights","LAC","C",82,2,15.7,3,6.7,0.445,0.539,1.5,1.7,0.876,1.1,3.5,4.5,0.8,0.3,0.5,0.8,2.8,8.7,17.5,0.584,0.25,7.9,24.1,16.2,8,0.9,2.6,10.2,23.6,2.5,1.7,4.2,0.155,1.5,-0.8,0.7,0.9,2116955,2017
"156","jeffteague","IND","PG",82,82,32.4,4.9,11.1,0.442,0.492,4.4,5.1,0.867,0.4,3.6,4,7.8,1.2,0.4,2.6,2,15.3,19.2,0.574,0.457,1.4,12.4,7,36.4,1.9,1.1,16.5,22.1,5.7,2.4,8.1,0.146,2.4,-0.5,1.9,2.6,19000000,2017
"157","mirzateletovic","MIL","PF",70,2,16.2,2.2,6,0.373,0.498,0.5,0.6,0.778,0.2,2.2,2.3,0.7,0.2,0.2,0.5,1.6,6.4,8.8,0.515,0.108,1.1,15.4,8.3,6.4,0.5,1,7.8,19.1,-0.1,0.7,0.6,0.025,-1.5,-3.4,-4.9,-0.8,10500000,2017
"158","garretttemple","SAC","SG",65,21,26.6,2.8,6.6,0.424,0.519,0.9,1.1,0.784,0.5,2.3,2.8,2.6,1.3,0.4,1.2,2.2,7.8,11.2,0.545,0.171,2.2,10.1,6.2,14.4,2.5,1.5,14.4,14.2,0.9,1.3,2.2,0.061,-0.3,0.6,0.3,1,8000000,2017
"159","jasonterry","MIL","SG",74,0,18.4,1.4,3.3,0.432,0.582,0.3,0.4,0.828,0.2,1.2,1.4,1.3,0.6,0.3,0.5,1.3,4.1,9.1,0.6,0.119,1.3,7.7,4.5,9.9,1.7,1.3,12.3,9.8,1.2,0.9,2.1,0.075,-0.5,-0.6,-1.1,0.3,2328652,2017
"160","isaiahthomas","BOS","PG",76,76,33.8,9,19.4,0.463,0.546,7.8,8.5,0.909,0.6,2.1,2.7,5.9,0.9,0.2,2.8,2.2,28.9,26.5,0.625,0.441,1.9,7,4.4,32.5,1.4,0.4,10.7,34,10.9,1.6,12.5,0.234,8.7,-3.3,5.4,4.8,6750001,2017
"161","lancethomas","NYK","PF",46,15,21,2.1,5.3,0.398,0.475,0.9,1.1,0.843,0.7,2.4,3.1,0.8,0.5,0.1,0.5,1.8,6,8.4,0.516,0.209,3.5,12.3,7.9,5,1.1,0.4,8.6,13.1,0.6,0.4,0.9,0.046,-2.1,-1.6,-3.7,-0.4,6887488,2017
"162","klaythompson","GSW","SG",78,78,34,8.3,17.6,0.468,0.565,2.4,2.8,0.853,0.6,3,3.7,2.1,0.8,0.5,1.6,1.8,22.3,17.4,0.592,0.158,2.2,9.2,5.9,9.3,1.2,1.2,8,26.1,4.2,2.9,7.1,0.129,2.4,-2.1,0.3,1.5,17244863,2017
"163","tristanthompson","CLE","C",78,78,29.9,3.4,5.6,0.6,0.6,1.4,2.7,0.498,3.7,5.5,9.2,1,0.5,1.1,0.8,2.3,8.1,15.3,0.594,0.487,13.9,19.6,16.9,4.6,0.8,2.9,10.8,11.3,5,2.3,7.3,0.149,0,1.5,1.5,2,16400000,2017
"164","anthonytolliver","SAC","PF",65,9,22.7,2.4,5.4,0.442,0.57,0.9,1.3,0.744,0.8,2.9,3.6,1.2,0.5,0.3,0.9,1.7,7.1,11.1,0.595,0.234,4,14.4,9.3,7.7,1.2,1.2,12.6,13.6,1.5,0.8,2.3,0.075,0.2,-0.7,-0.4,0.6,3290000,2017
"165","evanturner","POR","SF",65,12,25.5,3.6,8.5,0.426,0.454,1.3,1.6,0.825,0.6,3.2,3.8,3.2,0.8,0.4,1.5,1.9,9,11.4,0.491,0.187,2.4,14.2,8.3,18.4,1.6,1.2,14.3,18.5,0,1.2,1.2,0.035,-2.5,-0.1,-2.6,-0.3,17500000,2017
"166","benoudrih","DET","PG",39,0,14.4,2.4,5.1,0.467,0.495,0.8,0.9,0.941,0.2,1.3,1.5,3.4,0.3,0,0.9,0.7,5.8,16.2,0.535,0.173,1.1,10.3,5.6,35.4,1.2,0,14.5,19.6,0.8,0.5,1.3,0.113,-0.5,-2.1,-2.5,-0.1,2328652,2017
"167","jonasvalanciunas","TOR","C",80,80,25.8,4.9,8.8,0.557,0.558,2.2,2.7,0.811,2.8,6.7,9.5,0.7,0.5,0.8,1.3,2.7,12,20.1,0.601,0.309,12.4,29.1,20.8,4.4,0.9,2.6,11.7,19.5,4.9,3,7.9,0.183,-0.5,-0.1,-0.6,0.7,16000000,2017
"168","nikolavucevic","ORL","C",75,55,28.8,6.4,13.7,0.468,0.48,1.4,2.1,0.669,2.3,8,10.4,2.8,1,1,1.6,2.4,14.6,19.1,0.498,0.155,8.6,31.3,19.6,16.9,1.7,2.8,9.6,24.8,0.8,3.1,4,0.088,-1.4,2.3,0.9,1.6,13250000,2017
"169","dwyanewade","CHI","SG",60,59,29.9,6.9,15.9,0.434,0.457,3.7,4.7,0.794,1.1,3.5,4.5,3.8,1.4,0.7,2.3,1.9,18.3,18.5,0.508,0.294,3.8,12.6,8.1,22.3,2.4,1.8,11.3,29.6,0.9,2.5,3.4,0.09,0.4,0.6,1,1.3,2328652,2017
"170","dionwaiters","MIA","SG",46,43,30.1,6.1,14.4,0.424,0.488,1.8,2.8,0.646,0.4,2.9,3.3,4.3,0.9,0.4,2.2,2.1,15.8,14.5,0.507,0.192,1.4,10.9,6.1,23.8,1.5,1.1,12.5,26.3,0.2,1.5,1.6,0.057,-0.1,-0.8,-0.9,0.4,13000000,2017
"171","kembawalker","CHO","PG",79,79,34.7,8.1,18.3,0.444,0.527,3.8,4.5,0.847,0.6,3.3,3.9,5.5,1.1,0.3,2.1,1.5,23.2,21.3,0.569,0.248,1.8,10.6,6.2,29.1,1.6,0.7,9.5,29.2,5.9,2.2,8.1,0.142,5.3,-1.7,3.6,3.9,12000000,2017
"172","johnwall","WAS","PG",78,78,36.4,8.3,18.4,0.451,0.482,5.4,6.8,0.801,0.8,3.4,4.2,10.7,2,0.6,4.1,1.9,23.1,23.2,0.541,0.367,2.4,10.6,6.5,46.9,2.7,1.4,16.2,30.6,5.8,3,8.8,0.149,3.8,0.2,4.1,4.3,16957900,2017
"173","davidwest","GSW","C",68,0,12.6,2,3.7,0.536,0.542,0.6,0.8,0.768,0.7,2.3,3,2.2,0.6,0.7,1.1,1.5,4.6,16.6,0.571,0.222,6.5,18.8,13,24.1,2.4,4.4,22,17.9,0.9,1.7,2.6,0.148,-1.7,3.9,2.2,0.9,2328652,2017
"174","russellwestbrook","OKC","PG",81,81,34.6,10.2,24,0.425,0.476,8.8,10.4,0.845,1.7,9,10.7,10.4,1.6,0.4,5.4,2.3,31.6,30.6,0.554,0.433,5.4,28.8,17.1,57.3,2.3,0.9,15.9,41.7,8.5,4.6,13.1,0.224,10.9,4.7,15.6,12.4,28530608,2017
"175","isaiahwhitehead","BRK","PG",73,26,22.5,2.8,7,0.402,0.445,1.2,1.5,0.805,0.4,2.1,2.5,2.6,0.6,0.5,1.9,2.4,7.4,7.6,0.487,0.222,2.1,9.7,5.9,17.7,1.2,1.7,20.3,18.2,-1.7,0.9,-0.8,-0.023,-4.3,-0.6,-4.9,-1.2,1146474,2017
"176","hassanwhiteside","MIA","C",77,77,32.6,7,12.6,0.557,0.557,2.9,4.6,0.628,3.8,10.3,14.1,0.7,0.7,2.1,2,2.9,17,22.6,0.579,0.368,12.8,35.3,24,3.8,1.1,5,12,22.7,4.2,5.3,9.5,0.181,-2,1.5,-0.5,0.9,24604885,2017
"177","marvinwilliams","CHO","PF",76,76,30.2,3.9,9.3,0.422,0.51,1.7,2,0.873,1.2,5.4,6.6,1.4,0.8,0.7,0.8,1.8,11.2,13.7,0.551,0.213,4.2,19.8,12,7.1,1.3,2,7.2,16.3,2.4,2.6,5,0.105,-0.3,0.5,0.2,1.3,13628125,2017
"178","brandanwright","MEM","PF",28,5,16,3,4.8,0.615,0.615,0.8,1.3,0.657,1.1,1.7,2.8,0.5,0.4,0.7,0.4,1.5,6.8,18.5,0.628,0.259,7.7,12.4,10,6,1.3,4.3,6.2,16.3,1.1,0.5,1.6,0.177,0,1.3,1.3,0.4,5709880,2017
"179","nickyoung","LAL","SG",60,60,25.9,4.5,10.6,0.43,0.564,1.3,1.5,0.856,0.4,1.9,2.3,1,0.6,0.2,0.6,2.3,13.2,14.1,0.588,0.142,1.7,8.2,4.8,5.8,1.2,0.7,5.1,19.5,3,0.2,3.2,0.098,2.7,-3.4,-0.7,0.5,5192000,2017
"180","thaddeusyoung","IND","PF",74,74,30.2,4.9,9.3,0.527,0.56,0.6,1.2,0.523,1.8,4.3,6.1,1.6,1.5,0.4,1.3,1.8,11,14.9,0.562,0.125,6.7,15.7,11.2,8.4,2.5,1.1,11.6,16.4,2,2.7,4.6,0.1,0,1.4,1.4,1.9,13500000,2017
"181","tylerzeller","BOS","C",51,5,10.3,1.5,3.1,0.494,0.494,0.4,0.8,0.564,0.8,1.6,2.4,0.8,0.1,0.4,0.4,1.2,3.5,13,0.508,0.247,9.2,17,13.2,12.2,0.7,3.3,10.2,16.5,0.5,0.6,1,0.094,-3.3,0.8,-2.5,-0.1,1821740,2017
"182","quincyacy","TOT","PF",38,1,14.7,1.8,4.5,0.412,0.521,1.2,1.6,0.75,0.5,2.5,3,0.5,0.4,0.4,0.6,1.8,5.8,11.8,0.565,0.353,3.9,18,11,4.9,1.2,2,9.7,16.8,0.5,0.5,0.9,0.082,-1.8,-1.2,-3,-0.1,1749815,2017
"183","andrewbogut","TOT","C",27,21,21.6,1.4,3,0.469,0.469,0.1,0.4,0.273,2.1,6,8.1,1.8,0.5,0.9,1.6,3.2,2.9,9.3,0.46,0.136,10.6,33.9,21.7,12.3,1.2,3.9,33.4,10.4,-0.3,1,0.7,0.055,-5.6,5.3,-0.3,0.3,2328652,2017
"184","coreybrewer","TOT","SF",82,11,15.6,1.8,4.2,0.422,0.461,0.6,0.8,0.735,0.4,1.6,2,1.2,0.7,0.2,0.7,1.6,4.5,9.1,0.491,0.195,2.7,11.6,7.1,10.7,2.3,1.3,12.7,14.3,0,1.2,1.2,0.045,-2.9,0.2,-2.7,-0.2,7806971,2017
"185","josecalderon","TOT","PG",41,13,13.1,1.3,3.3,0.41,0.485,0.3,0.3,0.917,0.4,1.4,1.8,2.1,0.3,0,1,0.9,3.4,8.9,0.506,0.09,3,12.2,7.5,23.3,1,0.2,22.7,14.4,0,0.3,0.3,0.023,-2.9,-1.8,-4.7,-0.4,2328652,2017
"186","omricasspi","TOT","SF",36,2,17.9,2.1,4.6,0.47,0.515,0.5,0.8,0.586,0.8,2.4,3.1,1,0.6,0.1,0.8,1.4,5.2,10,0.526,0.177,4.9,15.2,10.1,8.6,1.8,0.4,14.1,14.4,0.1,0.4,0.5,0.038,-2.4,-0.6,-3,-0.2,2106470,2017
"187","demarcuscousins","TOT","C",72,72,34.2,9,19.9,0.452,0.498,7.2,9.3,0.772,2.1,8.9,11,4.6,1.4,1.3,3.7,3.9,27,25.8,0.562,0.468,7,29.2,18.2,25.8,2,3.4,13.5,36.5,3.9,3.8,7.6,0.149,3.9,2.6,6.6,5.3,16404925,2017
"188","tyrekeevans","TOT","SF",40,6,19.7,3.8,9.3,0.405,0.462,1.7,2.3,0.75,0.3,3.1,3.4,3.1,0.9,0.2,1.5,1.5,10.3,15.5,0.501,0.249,1.8,17.2,9.5,25.9,2.2,1,12.9,26.7,-0.2,0.9,0.7,0.045,-0.7,-0.1,-0.9,0.2,3290000,2017
"189","tajgibson","TOT","PF",78,71,25.5,4.7,9.1,0.515,0.517,1.4,2,0.715,2,4.2,6.2,0.9,0.5,0.8,1.3,2.1,10.8,15,0.543,0.223,8.6,17.9,13.2,5.9,1,2.6,11.9,19.3,1.6,2.5,4,0.097,-2.4,0.3,-2.1,-0.1,14000000,2017
"190","sergeibaka","TOT","PF",79,79,30.7,6,12.4,0.48,0.543,1.4,1.6,0.856,1.6,5.2,6.8,0.9,0.5,1.6,1.3,2.7,14.8,16.4,0.566,0.127,5.7,19,12.2,5.2,0.8,4.2,9.2,20.9,2.5,2.6,5.1,0.101,-0.5,0.1,-0.4,1,21666667,2017
"191","ersanilyasova","TOT","PF",82,52,26.1,4.7,10.9,0.431,0.511,2,2.5,0.778,1.4,4.5,5.9,1.7,0.7,0.3,1.4,2.6,13.1,14.6,0.546,0.233,5.9,18.8,12.4,11,1.3,0.9,10.6,22.2,1.8,2.3,4.1,0.091,0.3,-0.8,-0.5,0.8,6000000,2017
"192","kylekorver","TOT","SG",67,22,26.2,3.6,7.7,0.464,0.621,0.6,0.6,0.905,0.1,2.7,2.8,1.6,0.5,0.3,1,1.6,10.1,12.1,0.635,0.082,0.5,11,5.8,9.4,1,1,11.5,15.2,2.3,1.3,3.7,0.1,0.8,-1,-0.2,0.8,7353333,2017
"193","anthonymorrow","TOT","SG",49,7,14.6,2,5.1,0.389,0.47,0.7,0.8,0.919,0.2,0.4,0.6,0.5,0.5,0,0.1,0.9,5.5,10.1,0.505,0.147,1.9,2.9,2.4,5.2,1.7,0.2,2.2,16.4,0.7,0.5,1.2,0.083,-1.2,-3.1,-4.3,-0.4,2116955,2017
"194","milesplumlee","TOT","C",45,12,10.8,1,2,0.478,0.478,0.6,0.9,0.641,0.8,1.3,2.1,0.5,0.4,0.3,0.7,1.6,2.5,8.4,0.518,0.424,9,13.3,11.1,6.1,1.9,2.4,21.6,13.1,-0.1,0.5,0.5,0.045,-4.4,0.7,-3.6,-0.2,12500000,2017
"195","terrenceross","TOT","SF",78,24,25.1,4.2,9.6,0.437,0.532,0.8,1,0.831,0.2,2.4,2.6,1.1,1.1,0.4,0.9,1.8,11,13.4,0.55,0.103,1,10.8,5.9,7.1,2.2,1.4,8,19.3,1.5,2,3.5,0.086,0.4,-0.6,-0.3,0.9,10500000,2017
"196","pjtucker","TOT","SF",81,21,27.6,2.5,6,0.413,0.485,0.9,1.1,0.774,1.4,4.4,5.8,1.2,1.4,0.2,0.8,2.4,6.7,10.5,0.516,0.193,5.6,17.7,11.6,6,2.5,0.7,11.2,11.2,1.4,2.2,3.6,0.078,-0.7,1.6,0.9,1.6,7969537,2017
