fix,Tm,Pos,G,GS,MP,FG,FGA,FG.,eFG.,FT,FTA,FT.,ORB,DRB,TRB,AST,STL,BLK,TOV,PF,PS.G,PER,TS.,FTr,ORB.,DRB.,TRB.,AST.,STL.,BLK.,TOV.,USG.,OWS,DWS,WS,WS.48,OBPM,DBPM,BPM,VORP,average salary
stevenadams,OKC,C,81,20,14.8,1.1,2.3,0.503,0.503,1.0,1.7,0.581,1.8,2.3,4.1,0.5,0.5,0.7,0.9,2.5,3.3,11.2,0.541,0.735,14.1,17.1,15.6,4.9,1.7,3.9,22.5,11.7,0.9,1.9,2.9,0.114,-2.1,2.4,0.3,0.7,2423849
arronafflalo,ORL,SG,73,73,35.0,6.4,13.8,0.45899999999999996,0.522,3.8,4.6,0.815,0.4,3.2,3.6,3.4,0.5,0.0,2.0,1.9,18.2,16.0,0.574,0.332,1.4,10.2,5.8,16.9,0.7,0.1,11.2,23.3,4.3,1.0,5.3,0.099,1.7,-2.3,-0.6,0.9,7342500
alexisajinca,NOP,C,56,30,17.0,2.4,4.4,0.546,0.546,1.0,1.2,0.836,1.7,3.3,4.9,0.7,0.4,0.8,1.1,3.3,5.9,14.6,0.589,0.26899999999999996,11.3,22.7,16.9,6.6,1.3,4.1,18.4,16.3,1.2,0.9,2.1,0.10400000000000001,-1.5,0.8,-0.7,0.3,808482
colealdrich,NYK,C,46,2,7.2,0.7,1.3,0.541,0.541,0.6,0.7,0.867,0.8,2.0,2.8,0.3,0.2,0.7,0.4,0.9,2.0,19.1,0.62,0.49200000000000005,12.8,33.8,23.0,6.4,1.3,8.1,19.5,13.0,0.6,0.6,1.2,0.17800000000000002,-2.6,3.8,1.2,0.3,981084
lamarcusaldridge,POR,PF,69,69,36.2,9.4,20.6,0.45799999999999996,0.45899999999999996,4.3,5.2,0.8220000000000001,2.4,8.7,11.1,2.6,0.9,1.0,1.8,2.1,23.2,21.8,0.507,0.253,7.2,25.5,16.5,13.0,1.3,1.9,7.2,29.8,4.0,3.5,7.5,0.14400000000000002,-0.4,0.7,0.3,1.5,13000000
tonyallen,MEM,SG,55,28,23.2,3.7,7.5,0.494,0.507,1.4,2.2,0.628,1.4,2.3,3.8,1.7,1.6,0.3,1.6,2.2,9.0,15.6,0.531,0.293,7.3,12.0,9.6,11.7,3.8,1.2,16.2,20.1,0.5,2.1,2.7,0.1,-0.1,2.4,2.3,1.4,5000000
alfarouqaminu,NOP,SF,80,65,25.6,2.9,6.2,0.474,0.48700000000000004,1.1,1.7,0.664,1.6,4.6,6.2,1.4,1.0,0.5,1.1,1.8,7.2,13.2,0.516,0.27699999999999997,7.2,21.2,14.1,8.4,2.1,1.6,13.7,14.3,1.3,1.8,3.1,0.07200000000000001,-1.4,1.0,-0.3,0.9,981084
chrisandersen,MIA,C,72,0,19.4,2.5,3.8,0.644,0.649,1.7,2.3,0.71,1.8,3.5,5.3,0.3,0.4,1.3,0.7,2.3,6.6,18.5,0.6829999999999999,0.615,12.1,21.7,17.1,2.1,1.2,6.1,13.2,13.8,3.8,2.2,6.0,0.205,0.1,1.5,1.6,1.3,5187500
alananderson,BRK,SF,78,26,22.7,2.5,6.2,0.4,0.48700000000000004,1.2,1.5,0.78,0.5,1.7,2.2,1.0,0.6,0.1,0.8,1.9,7.2,9.5,0.525,0.243,2.7,9.1,5.9,7.3,1.4,0.5,10.4,15.9,0.8,0.9,1.7,0.047,-0.8,-1.4,-2.2,-0.1,1304773
giannisantetokounmpo,MIL,SF,77,23,24.6,2.2,5.4,0.414,0.46299999999999997,1.8,2.6,0.6829999999999999,1.0,3.4,4.4,1.9,0.8,0.8,1.6,2.2,6.8,10.8,0.518,0.483,4.6,16.3,10.2,12.1,1.7,2.6,19.4,15.0,0.1,1.1,1.2,0.031,-2.5,0.7,-1.8,0.1,2871714
carmeloanthony,NYK,PF,77,77,38.7,9.6,21.3,0.452,0.503,6.0,7.0,0.848,1.9,6.2,8.1,3.1,1.2,0.7,2.6,2.9,27.4,24.4,0.561,0.32899999999999996,5.6,19.4,12.3,15.8,1.7,1.5,9.5,32.4,8.1,2.5,10.7,0.172,4.6,-1.0,3.6,4.2,24812936
peroantic,ATL,C,50,26,18.5,2.5,5.9,0.418,0.514,1.0,1.3,0.758,1.1,3.0,4.2,1.2,0.4,0.2,1.1,2.5,7.0,11.7,0.545,0.22399999999999998,7.2,18.9,13.1,9.8,1.0,1.0,14.5,18.6,0.5,0.9,1.4,0.075,-0.5,-0.9,-1.4,0.1,1225000
trevorariza,WAS,SF,77,77,35.4,5.1,11.1,0.456,0.562,1.9,2.5,0.772,1.3,4.9,6.2,2.5,1.6,0.3,1.7,2.3,14.4,15.8,0.59,0.226,4.1,16.3,10.1,10.8,2.4,0.6,12.3,17.8,4.3,3.7,8.0,0.141,2.3,1.1,3.4,3.6,8000001
darrellarthur,DEN,SF,68,1,17.1,2.4,6.0,0.395,0.424,0.8,0.9,0.855,0.8,2.3,3.1,0.9,0.6,0.7,0.9,2.7,5.9,9.4,0.45899999999999996,0.151,4.8,14.7,9.8,8.0,1.6,3.0,11.7,18.1,-0.5,1.2,0.7,0.028999999999999998,-3.8,1.0,-2.8,-0.2,4837500
omerasik,HOU,C,48,19,20.2,2.1,4.0,0.532,0.532,1.6,2.6,0.619,2.1,5.8,7.9,0.5,0.3,0.8,1.2,1.9,5.8,14.0,0.57,0.6629999999999999,12.3,30.1,21.7,3.8,0.7,2.8,19.4,13.8,1.0,1.5,2.4,0.121,-3.1,0.7,-2.4,-0.1,8374646
jeffayres,SAS,PF,73,10,13.0,1.4,2.4,0.58,0.58,0.5,0.8,0.691,1.2,2.3,3.5,0.8,0.2,0.3,0.9,2.0,3.3,11.1,0.605,0.316,11.0,19.2,15.3,8.6,0.7,1.9,24.1,12.4,1.0,1.4,2.4,0.121,-1.6,2.1,0.5,0.6,1789375
lukebabbitt,NOP,PF,27,2,17.5,2.2,5.7,0.39,0.506,0.5,0.7,0.778,0.7,2.6,3.3,1.1,0.3,0.4,0.6,1.9,6.3,12.1,0.525,0.11699999999999999,4.4,17.5,10.8,9.4,0.8,1.9,8.5,17.0,0.5,0.2,0.7,0.07400000000000001,0.5,-1.9,-1.4,0.1,684540
andreabargnani,NYK,C,42,39,29.9,5.3,12.0,0.442,0.47200000000000003,2.0,2.4,0.8240000000000001,1.6,3.6,5.3,1.1,0.3,1.2,1.4,2.4,13.3,14.5,0.51,0.203,6.3,14.7,10.4,6.1,0.6,3.7,9.6,22.4,0.8,0.7,1.5,0.057999999999999996,-1.4,-1.0,-2.4,-0.1,10000000
harrisonbarnes,GSW,SF,78,24,28.3,3.5,8.7,0.39899999999999997,0.44799999999999995,1.7,2.3,0.718,0.8,3.1,4.0,1.5,0.8,0.3,1.1,2.0,9.5,9.8,0.486,0.267,3.3,11.9,7.7,7.6,1.5,0.7,10.0,16.8,0.4,2.8,3.2,0.07,-2.3,0.9,-1.4,0.3,2192970
mattbarnes,LAC,SF,63,40,27.5,3.7,8.4,0.43799999999999994,0.53,1.0,1.4,0.733,1.0,3.7,4.6,2.0,0.9,0.4,1.3,2.9,9.9,12.0,0.552,0.171,4.0,14.4,9.3,10.6,1.6,1.2,13.0,16.6,1.5,2.0,3.5,0.09699999999999999,0.7,0.8,1.5,1.5,3396250
willbarton,POR,SG,41,0,9.4,1.6,3.8,0.41700000000000004,0.449,0.6,0.8,0.813,0.4,1.4,1.8,0.8,0.2,0.2,0.4,0.8,4.0,13.5,0.488,0.205,4.5,16.0,10.3,13.3,1.2,1.3,9.6,21.2,0.3,0.4,0.6,0.078,-1.9,-0.7,-2.7,-0.1,751372
brandonbass,BOS,PF,82,73,27.6,4.3,8.8,0.486,0.48700000000000004,2.5,2.9,0.858,2.0,3.8,5.7,1.1,0.4,0.9,1.2,2.3,11.1,15.0,0.5489999999999999,0.33,7.8,15.9,11.8,6.4,0.8,2.4,10.9,18.2,3.2,1.9,5.1,0.107,-1.3,0.2,-1.2,0.5,6450000
nicolasbatum,POR,SF,82,82,36.0,4.6,10.0,0.465,0.5539999999999999,2.0,2.5,0.8029999999999999,1.4,6.0,7.5,5.1,0.9,0.7,2.5,1.9,13.0,15.8,0.589,0.248,4.3,17.8,11.1,20.9,1.3,1.3,18.6,16.5,4.8,3.1,7.9,0.128,2.4,1.8,4.2,4.6,11530375
aronbaynes,SAS,C,53,4,9.3,1.3,3.1,0.436,0.436,0.4,0.4,0.905,1.1,1.7,2.7,0.6,0.0,0.1,0.7,1.5,3.0,9.7,0.467,0.129,13.6,19.4,16.6,9.9,0.2,0.7,17.3,19.2,-0.1,0.6,0.6,0.055,-3.7,-0.3,-4.0,-0.2,2077000
bradleybeal,WAS,SG,73,73,34.7,6.6,15.7,0.419,0.479,2.0,2.6,0.7879999999999999,0.7,3.0,3.7,3.3,1.0,0.2,1.8,2.1,17.1,14.3,0.507,0.16399999999999998,2.4,10.2,6.3,16.0,1.4,0.6,9.4,24.3,1.6,2.4,4.0,0.076,0.2,-1.3,-1.1,0.5,4663129
michaelbeasley,MIA,SF,55,2,15.1,3.2,6.5,0.499,0.528,1.1,1.4,0.772,0.6,2.6,3.1,0.8,0.4,0.4,1.0,1.7,7.9,16.8,0.5589999999999999,0.223,4.9,20.5,13.0,8.8,1.5,2.2,12.8,25.7,0.5,1.1,1.6,0.092,-2.2,-1.2,-3.5,-0.3,195440
marcobelinelli,SAS,SF,80,25,25.2,4.2,8.7,0.485,0.5760000000000001,1.4,1.6,0.847,0.2,2.6,2.8,2.2,0.6,0.1,1.2,1.6,11.4,15.0,0.605,0.188,1.0,11.2,6.3,13.2,1.3,0.3,11.2,19.0,3.5,2.4,5.9,0.14,1.9,-0.3,1.7,1.9,2811875
anthonybennett,CLE,PF,52,0,12.8,1.5,4.3,0.35600000000000004,0.384,0.8,1.3,0.638,0.9,2.0,3.0,0.3,0.4,0.2,0.9,1.8,4.2,6.9,0.425,0.307,8.1,18.4,13.1,4.0,1.6,1.0,15.5,20.3,-1.1,0.7,-0.4,-0.027999999999999997,-5.8,-1.5,-7.3,-0.9,5563920
patrickbeverley,HOU,PG,56,55,31.3,3.6,8.6,0.414,0.509,1.5,1.8,0.8140000000000001,1.3,2.2,3.5,2.7,1.4,0.4,1.2,3.1,10.2,12.4,0.545,0.212,4.9,7.4,6.2,12.8,2.2,1.0,11.2,14.8,2.7,1.6,4.2,0.11599999999999999,1.9,0.6,2.5,2.0,661830
bismackbiyombo,CHA,C,77,9,13.9,1.1,1.9,0.611,0.611,0.6,1.2,0.517,1.4,3.4,4.8,0.1,0.1,1.1,0.5,1.6,2.9,13.3,0.606,0.618,11.0,27.6,19.3,1.1,0.3,6.3,17.9,9.6,1.1,2.1,3.2,0.14400000000000002,-4.7,2.2,-2.5,-0.1,3161320
andrayblatche,BRK,PF,73,7,22.2,4.4,9.2,0.47600000000000003,0.48700000000000004,2.2,3.0,0.742,1.6,3.7,5.3,1.5,1.0,0.5,1.5,2.3,11.2,18.8,0.532,0.32799999999999996,8.9,19.9,14.4,12.8,2.4,2.0,12.5,25.6,1.6,2.1,3.7,0.109,-0.6,0.7,0.1,0.8,7794921
ericbledsoe,PHO,PG,43,40,32.9,6.2,12.9,0.47700000000000004,0.522,4.3,5.5,0.772,0.6,4.1,4.7,5.5,1.6,0.3,3.3,2.3,17.7,19.6,0.578,0.426,2.1,13.8,8.0,27.0,2.4,0.8,17.8,24.9,2.6,1.6,4.1,0.14,2.3,0.6,2.9,1.8,14000000
andrewbogut,GSW,C,67,67,26.4,3.5,5.6,0.627,0.627,0.3,1.0,0.344,2.7,7.3,10.0,1.7,0.7,1.8,1.4,3.1,7.3,17.0,0.61,0.171,11.4,29.7,20.7,9.3,1.3,5.2,19.4,12.4,2.4,4.0,6.5,0.17600000000000002,-1.2,5.6,4.4,2.8,12000000
mattbonner,SAS,PF,61,0,11.3,1.2,2.7,0.445,0.573,0.1,0.2,0.75,0.3,1.9,2.1,0.5,0.2,0.2,0.3,0.8,3.2,11.2,0.5820000000000001,0.073,2.7,17.9,10.6,6.1,1.1,1.2,8.6,12.1,0.8,1.0,1.8,0.12300000000000001,-0.4,0.7,0.3,0.4,1448490
trevorbooker,WAS,PF,72,45,21.6,3.1,5.6,0.551,0.551,0.7,1.1,0.618,2.1,3.2,5.3,0.9,0.6,0.6,0.8,1.8,6.8,15.0,0.563,0.18899999999999997,10.9,17.5,14.1,6.3,1.4,2.4,11.7,14.4,2.3,2.0,4.3,0.132,-1.1,1.3,0.2,0.8,4887500
carlosboozer,CHI,PF,76,76,28.2,5.9,12.9,0.456,0.456,1.9,2.5,0.767,1.8,6.5,8.3,1.6,0.7,0.3,2.0,2.8,13.7,14.4,0.489,0.19699999999999998,7.4,25.9,16.8,10.9,1.3,0.8,12.6,26.3,-0.9,4.3,3.4,0.076,-4.0,0.6,-3.4,-0.7,13549000
chrisbosh,MIA,C,79,79,32.0,6.2,12.1,0.516,0.555,2.8,3.4,0.82,1.2,5.4,6.6,1.1,1.0,1.0,1.6,2.4,16.2,19.0,0.597,0.285,5.1,20.3,13.0,5.8,1.7,2.7,10.4,22.6,4.6,3.4,8.0,0.152,0.5,0.0,0.5,1.6,23741060
averybradley,BOS,SG,60,58,30.9,6.0,13.8,0.43799999999999994,0.485,1.5,1.9,0.804,0.8,3.0,3.8,1.4,1.1,0.2,1.6,2.4,14.9,12.7,0.51,0.136,2.9,11.2,6.9,8.1,1.7,0.5,9.9,23.2,0.4,1.4,1.8,0.046,-1.1,-1.4,-2.5,-0.2,8000000
eltonbrand,ATL,C,73,15,19.4,2.5,4.5,0.539,0.539,0.8,1.3,0.649,1.3,3.6,4.9,1.0,0.5,1.2,0.8,2.6,5.7,14.0,0.561,0.28300000000000003,8.0,21.5,14.8,8.1,1.4,4.9,13.8,13.9,1.4,2.1,3.6,0.121,-2.7,3.1,0.5,0.9,2000000
coreybrewer,MIN,SF,81,81,32.2,4.8,10.0,0.48100000000000004,0.517,2.0,2.8,0.718,0.8,1.8,2.6,1.7,1.9,0.4,1.3,2.6,12.3,12.7,0.55,0.281,2.6,6.2,4.3,7.9,2.9,0.9,10.4,16.5,2.4,2.7,5.2,0.095,0.4,1.3,1.7,2.4,4702500
lorenzobrown,PHI,PG,26,0,8.6,1.0,3.3,0.302,0.32,0.3,0.5,0.6920000000000001,0.3,0.8,1.1,1.6,0.5,0.1,0.6,0.7,2.5,8.2,0.349,0.151,3.7,10.0,6.8,27.5,2.8,1.1,14.9,20.4,-0.5,0.2,-0.3,-0.068,-5.0,-1.8,-6.8,-0.3,608118
chasebudinger,MIN,SF,41,8,18.3,2.4,6.2,0.39399999999999996,0.47600000000000003,0.8,1.0,0.821,0.5,2.0,2.5,0.8,0.5,0.0,0.6,1.4,6.7,9.7,0.505,0.154,2.7,12.5,7.5,6.2,1.2,0.2,8.1,16.7,0.3,0.6,0.9,0.059000000000000004,-1.3,-1.3,-2.6,-0.1,5000000
reggiebullock,LAC,SF,43,0,9.2,1.0,2.8,0.355,0.446,0.2,0.2,0.778,0.3,1.0,1.3,0.3,0.2,0.0,0.3,0.6,2.7,6.7,0.46,0.07400000000000001,3.2,11.7,7.6,4.3,1.1,0.2,9.4,15.4,-0.2,0.3,0.2,0.019,-2.9,-1.8,-4.7,-0.3,1464451
treyburke,UTA,PG,70,68,32.3,4.9,12.8,0.38,0.442,1.5,1.6,0.903,0.5,2.4,3.0,5.7,0.6,0.1,1.9,2.1,12.8,12.6,0.473,0.126,1.8,9.0,5.3,29.4,1.0,0.2,12.2,21.8,1.0,0.0,0.9,0.02,0.5,-3.0,-2.5,-0.3,2758040
alecburks,UTA,SG,78,12,28.1,4.9,10.7,0.457,0.48700000000000004,3.6,4.8,0.748,0.8,2.5,3.3,2.7,0.9,0.2,1.9,2.4,14.0,15.8,0.547,0.449,3.0,10.7,6.8,16.9,1.7,0.5,13.0,23.9,2.6,0.6,3.2,0.07,0.5,-1.7,-1.2,0.5,2341929
jimmybutler,CHI,SG,67,67,38.7,4.1,10.3,0.397,0.446,3.9,5.0,0.769,1.3,3.6,4.9,2.6,1.9,0.5,1.5,1.6,13.1,13.5,0.522,0.488,3.9,10.5,7.2,11.1,2.6,1.1,10.8,16.8,2.4,4.6,7.1,0.131,0.0,2.4,2.4,2.9,1302377
rasualbutler,IND,SG,50,2,7.6,1.0,2.2,0.46399999999999997,0.5820000000000001,0.2,0.3,0.5710000000000001,0.1,0.7,0.8,0.3,0.1,0.2,0.2,0.6,2.7,12.2,0.585,0.127,1.9,9.9,6.1,7.4,1.0,1.8,8.7,15.4,0.5,0.6,1.1,0.138,-0.6,-0.3,-0.9,0.1,1448490
willbynum,DET,PG,56,3,18.8,3.3,7.7,0.428,0.451,1.7,2.2,0.802,0.4,1.3,1.8,3.9,0.7,0.1,1.8,2.2,8.7,14.4,0.502,0.281,2.4,8.2,5.1,32.5,1.9,0.5,17.6,23.8,0.6,0.4,1.0,0.047,-0.7,-2.8,-3.5,-0.4,72234
nickcalathes,MEM,SG,71,7,16.5,2.0,4.4,0.457,0.48700000000000004,0.6,1.0,0.611,0.3,1.6,1.9,2.9,0.9,0.1,1.4,1.6,4.9,12.3,0.506,0.23199999999999998,2.3,11.5,6.9,26.5,3.0,0.6,22.8,17.5,-0.1,1.6,1.5,0.062,-1.9,0.8,-1.1,0.3,653331
josecalderon,DAL,PG,81,81,30.5,4.2,9.2,0.456,0.584,0.6,0.8,0.825,0.4,2.0,2.4,4.7,0.9,0.1,1.3,1.7,11.4,15.2,0.596,0.084,1.4,7.6,4.5,22.4,1.4,0.4,11.7,16.2,5.4,0.8,6.3,0.122,3.3,-2.0,1.3,2.1,7250000
kentaviouscaldwellpope,DET,SG,80,41,19.8,2.3,5.8,0.396,0.46,0.6,0.8,0.77,0.5,1.5,2.0,0.7,0.9,0.2,0.4,1.8,5.9,9.4,0.483,0.133,2.5,8.6,5.4,5.0,2.4,0.6,5.4,13.9,1.0,0.8,1.8,0.055,-1.2,-0.8,-2.1,0.0,2998910
demarrecarroll,ATL,SF,73,73,32.1,4.1,8.8,0.47,0.546,1.5,1.9,0.773,1.5,4.1,5.5,1.8,1.5,0.3,1.1,2.6,11.1,13.9,0.575,0.22,5.3,14.5,10.0,8.9,2.3,0.7,10.1,15.2,3.2,2.6,5.8,0.11900000000000001,1.0,1.1,2.1,2.4,2500000
vincecarter,DAL,SG,81,0,24.4,4.1,10.0,0.40700000000000003,0.49700000000000005,2.0,2.4,0.821,0.8,2.7,3.5,2.6,0.8,0.4,1.3,2.6,11.9,15.9,0.539,0.242,4.0,12.6,8.3,16.5,1.6,1.5,10.7,23.1,3.0,1.3,4.3,0.105,2.2,-1.0,1.1,1.6,4088019
michaelcarterwilliams,PHI,PG,70,70,34.5,6.1,15.1,0.405,0.431,3.7,5.2,0.703,1.4,4.8,6.2,6.3,1.9,0.6,3.5,3.0,16.7,15.5,0.48,0.348,4.3,15.6,9.8,30.2,2.6,1.4,16.9,25.7,-0.8,2.1,1.3,0.026000000000000002,-0.6,0.4,-0.2,1.1,2520882
omricasspi,HOU,PF,71,2,18.1,2.4,5.8,0.42200000000000004,0.496,1.2,1.7,0.68,0.8,2.9,3.7,1.2,0.6,0.2,1.0,1.4,6.9,12.9,0.528,0.298,5.1,16.8,11.3,10.5,1.7,0.8,13.4,18.3,1.0,1.4,2.4,0.091,-0.6,-0.2,-0.8,0.4,1063384
mariochalmers,MIA,PG,73,73,29.8,3.5,7.7,0.45399999999999996,0.531,1.7,2.2,0.742,0.6,2.4,2.9,4.9,1.6,0.2,2.2,2.9,9.8,14.0,0.5670000000000001,0.29100000000000004,2.5,9.6,6.2,24.3,2.9,0.6,20.4,17.4,2.4,2.5,4.8,0.106,1.0,0.2,1.2,1.7,4150000
tysonchandler,NYK,C,55,55,30.2,3.5,5.9,0.593,0.593,1.8,2.8,0.632,2.9,6.7,9.6,1.1,0.7,1.1,1.3,2.6,8.7,16.4,0.615,0.48100000000000004,10.9,27.0,18.7,5.5,1.2,3.4,15.4,12.9,3.1,1.9,4.9,0.14300000000000002,-0.6,1.8,1.3,1.4,13852363
wilsonchandler,DEN,SF,62,55,31.1,5.0,11.9,0.41600000000000004,0.499,1.8,2.5,0.7240000000000001,0.9,3.8,4.7,1.8,0.7,0.5,1.3,3.1,13.6,12.4,0.526,0.20600000000000002,3.2,13.3,8.2,9.3,1.2,1.2,8.9,19.5,1.8,1.2,3.1,0.076,0.7,-0.6,0.2,1.1,6344163
norriscole,MIA,PG,82,6,24.6,2.5,6.1,0.414,0.474,0.6,0.8,0.779,0.2,1.7,2.0,3.0,0.9,0.1,1.5,1.9,6.4,8.8,0.49700000000000005,0.136,1.1,8.6,5.0,17.9,2.0,0.2,19.3,15.6,-0.5,1.7,1.2,0.028999999999999998,-2.2,-0.8,-3.0,-0.5,1082560
darrencollison,LAC,PG,80,35,25.9,4.1,8.7,0.467,0.518,2.4,2.8,0.857,0.6,1.8,2.4,3.7,1.2,0.2,1.7,1.9,11.4,16.2,0.575,0.32299999999999995,2.6,7.3,5.0,21.9,2.2,0.6,14.3,19.7,3.8,2.0,5.9,0.136,1.4,-0.4,1.0,1.6,5013559
nickcollison,OKC,PF,81,0,16.7,1.7,3.0,0.556,0.564,0.8,1.1,0.71,1.4,2.2,3.6,1.3,0.4,0.3,0.9,2.3,4.2,11.8,0.599,0.386,10.2,14.1,12.2,10.9,1.1,1.7,20.1,11.6,2.0,1.6,3.6,0.128,-0.5,1.1,0.6,0.9,2757500
mikeconley,MEM,PG,73,73,33.5,6.3,14.1,0.45,0.5,3.1,3.8,0.815,0.6,2.4,2.9,6.0,1.5,0.2,2.1,1.9,17.2,20.0,0.545,0.268,2.0,8.4,5.2,30.1,2.4,0.4,11.5,24.6,5.5,2.7,8.2,0.161,4.1,-0.7,3.4,3.3,8000000
chriscopeland,IND,SF,41,0,6.5,1.3,2.9,0.47,0.611,0.2,0.3,0.7140000000000001,0.2,0.6,0.8,0.4,0.1,0.2,0.3,0.9,3.7,17.6,0.621,0.12,3.1,10.1,6.8,12.6,0.6,2.0,10.2,23.7,0.6,0.4,1.0,0.18600000000000003,3.5,-2.1,1.4,0.2,3067500
demarcuscousins,SAC,C,71,71,32.4,8.3,16.8,0.496,0.496,6.1,8.4,0.726,3.1,8.6,11.7,2.9,1.5,1.3,3.5,3.8,22.7,26.1,0.555,0.5,10.6,30.5,20.4,17.8,2.4,3.2,14.7,32.7,4.1,3.8,7.9,0.166,1.9,2.9,4.7,3.9,16404925
jamalcrawford,LAC,SG,69,24,30.3,6.1,14.7,0.41600000000000004,0.496,4.0,4.7,0.866,0.5,1.8,2.3,3.2,0.9,0.2,2.0,1.7,18.6,17.3,0.556,0.318,1.9,6.4,4.2,17.4,1.4,0.4,10.5,27.2,3.8,1.5,5.3,0.122,2.7,-2.6,0.2,1.2,5337500
jaecrowder,DAL,SF,78,8,16.1,1.7,3.8,0.439,0.524,0.6,0.8,0.754,0.6,1.9,2.5,0.8,0.8,0.3,0.5,1.3,4.6,11.9,0.551,0.20600000000000002,4.3,13.5,8.9,6.7,2.4,1.4,11.3,13.2,1.2,1.1,2.3,0.08900000000000001,0.0,0.6,0.6,0.8,768202
dantecunningham,MIN,PF,81,7,20.2,2.9,6.3,0.46399999999999997,0.46399999999999997,0.5,0.8,0.5670000000000001,1.4,2.7,4.1,1.0,0.8,0.7,0.5,1.8,6.3,12.6,0.474,0.132,7.3,14.9,11.0,7.7,1.9,2.7,7.2,15.1,0.9,2.0,2.9,0.085,-2.2,2.1,-0.1,0.8,831942
stephencurry,GSW,PG,78,78,36.5,8.4,17.7,0.47100000000000003,0.5660000000000001,3.9,4.5,0.885,0.6,3.7,4.3,8.5,1.6,0.2,3.8,2.5,24.0,24.1,0.61,0.252,1.8,10.9,6.4,39.9,2.2,0.4,16.1,28.3,9.3,4.0,13.4,0.225,7.4,0.0,7.4,6.7,11000000
luigidatome,DET,SF,34,0,7.0,1.0,2.9,0.35100000000000003,0.387,0.2,0.3,0.8,0.4,0.9,1.4,0.3,0.2,0.0,0.3,0.6,2.4,8.0,0.409,0.10300000000000001,6.1,15.5,10.6,7.0,1.3,0.3,9.8,20.2,-0.2,0.1,-0.1,-0.023,-3.8,-3.2,-7.0,-0.3,1750000
anthonydavis,NOP,PF,67,66,35.2,7.8,15.0,0.519,0.52,5.2,6.6,0.7909999999999999,3.1,7.0,10.0,1.6,1.3,2.8,1.6,3.0,20.8,26.5,0.5820000000000001,0.43799999999999994,10.0,23.3,16.6,8.0,2.0,6.7,8.3,25.2,7.2,3.2,10.4,0.212,2.3,2.2,4.5,3.9,5799503
eddavis,MEM,PF,63,4,15.2,2.5,4.6,0.534,0.534,0.7,1.4,0.528,1.5,2.7,4.1,0.4,0.3,0.7,0.6,1.8,5.7,15.9,0.542,0.307,11.4,20.9,16.1,4.5,0.9,3.7,10.8,17.8,1.2,1.4,2.6,0.129,-1.9,0.5,-1.3,0.2,1040843
matthewdellavedova,CLE,SG,72,4,17.7,1.7,4.1,0.41200000000000003,0.508,0.5,0.7,0.792,0.4,1.3,1.7,2.6,0.5,0.1,0.8,1.7,4.7,10.7,0.534,0.162,2.5,8.5,5.4,22.1,1.3,0.3,15.9,13.2,1.4,0.7,2.1,0.078,-0.5,-1.7,-2.1,0.0,653331
demarderozan,TOR,SG,79,79,38.2,7.6,17.8,0.429,0.452,6.6,8.0,0.8240000000000001,0.6,3.7,4.3,4.0,1.1,0.4,2.2,2.5,22.7,18.4,0.532,0.44799999999999995,2.0,11.3,6.6,18.9,1.5,0.7,9.5,28.0,5.8,3.0,8.8,0.141,1.4,-0.7,0.7,2.0,9500000
borisdiaw,SAS,PF,79,24,25.0,3.8,7.3,0.521,0.5589999999999999,0.9,1.2,0.7390000000000001,0.9,3.2,4.1,2.8,0.6,0.4,1.5,1.8,9.1,14.1,0.578,0.159,4.4,13.8,9.3,16.3,1.1,1.2,16.3,17.0,2.3,2.6,4.9,0.12,0.2,1.4,1.6,1.8,7000000
gorguidieng,MIN,C,60,15,13.6,1.9,3.8,0.498,0.5,1.0,1.6,0.634,1.7,3.3,5.0,0.7,0.5,0.8,0.9,1.8,4.8,16.5,0.534,0.41,13.4,26.9,20.0,7.2,1.8,4.6,16.8,16.8,0.7,1.5,2.2,0.129,-2.4,3.1,0.7,0.5,1647336
gorandragic,PHO,SG,76,75,35.1,7.3,14.4,0.505,0.561,4.2,5.5,0.76,0.9,2.3,3.2,5.9,1.4,0.3,2.8,2.7,20.3,21.4,0.604,0.381,2.9,7.4,5.2,28.1,2.0,0.6,14.3,24.5,8.4,2.0,10.3,0.18600000000000003,4.9,-1.1,3.9,4.0,7500000
andredrummond,DET,C,81,81,32.3,5.9,9.5,0.623,0.623,1.7,4.0,0.418,5.4,7.8,13.2,0.4,1.2,1.6,1.4,3.4,13.5,22.6,0.599,0.42700000000000005,17.5,27.7,22.3,2.2,2.0,4.0,10.7,16.7,6.4,3.5,9.9,0.182,1.1,0.5,1.6,2.4,2664793
jareddudley,LAC,SF,74,43,23.4,2.6,6.0,0.43799999999999994,0.529,0.5,0.8,0.655,0.5,1.7,2.2,1.4,0.6,0.1,0.8,2.0,6.9,8.9,0.541,0.13,2.4,7.7,5.1,8.6,1.2,0.4,10.6,13.5,1.2,1.2,2.4,0.068,-0.3,-0.4,-0.8,0.5,4250000
timduncan,SAS,C,74,74,29.2,6.0,12.2,0.49,0.49,3.1,4.3,0.731,2.1,7.6,9.7,3.0,0.6,1.9,2.1,1.8,15.1,21.3,0.535,0.349,8.6,28.3,18.8,16.0,1.0,4.6,13.2,25.2,2.8,4.6,7.4,0.16399999999999998,-0.9,4.0,3.2,2.8,10120482
mikedunleavy,CHI,SF,82,61,31.5,4.1,9.4,0.43,0.51,1.7,2.0,0.8540000000000001,0.6,3.6,4.2,2.3,0.8,0.6,1.3,2.0,11.3,12.6,0.5489999999999999,0.212,2.1,13.0,7.6,12.3,1.3,1.4,11.3,17.0,2.4,4.1,6.5,0.121,-0.3,1.1,0.7,1.8,3254618
kevindurant,OKC,SF,81,81,38.5,10.5,20.8,0.503,0.56,8.7,9.9,0.873,0.7,6.7,7.4,5.5,1.3,0.7,3.5,2.1,32.0,29.8,0.635,0.47700000000000004,2.2,18.6,10.8,26.7,1.7,1.5,12.2,33.0,14.8,4.4,19.2,0.295,8.4,0.4,8.8,8.5,17832627
wayneellington,DAL,SG,45,1,8.7,1.2,2.8,0.43700000000000006,0.536,0.2,0.2,0.909,0.2,0.8,1.0,0.4,0.4,0.0,0.2,0.7,3.2,12.2,0.5539999999999999,0.087,2.4,10.2,6.3,7.1,2.1,0.4,7.8,16.4,0.4,0.2,0.7,0.084,0.0,-1.7,-1.7,0.0,1063384
montaellis,DAL,SG,82,82,36.9,7.0,15.6,0.451,0.478,4.1,5.2,0.7879999999999999,0.5,3.1,3.6,5.7,1.7,0.3,3.2,2.4,19.0,16.8,0.532,0.336,1.5,9.8,5.6,24.8,2.4,0.6,15.2,26.0,2.8,2.1,4.9,0.078,0.6,-0.6,0.0,1.5,8360000
jeremyevans,UTA,SF,66,4,18.3,2.7,5.0,0.527,0.527,0.8,1.1,0.68,1.8,2.9,4.7,0.7,0.6,0.7,0.6,2.1,6.1,16.2,0.5489999999999999,0.226,11.1,18.7,14.8,6.1,1.8,3.0,9.9,15.3,1.9,1.0,2.8,0.11199999999999999,-0.9,0.8,-0.1,0.6,1750000
tyrekeevans,NOP,SF,72,22,28.2,5.4,12.5,0.436,0.44799999999999995,3.3,4.3,0.7709999999999999,1.1,3.7,4.7,5.0,1.2,0.3,2.4,2.2,14.5,18.4,0.504,0.34600000000000003,4.3,15.4,9.8,30.4,2.2,0.9,14.5,27.1,1.8,1.3,3.1,0.073,1.2,-0.4,0.8,1.4,11000001
kennethfaried,DEN,PF,80,77,27.2,5.6,10.3,0.545,0.545,2.5,3.9,0.65,3.0,5.6,8.6,1.2,0.9,0.9,1.7,2.4,13.7,19.8,0.573,0.379,11.8,22.2,16.9,7.5,1.6,2.3,12.4,21.3,4.0,2.5,6.5,0.14400000000000002,0.3,0.9,1.2,1.8,1545842
derrickfavors,UTA,PF,73,73,30.2,5.3,10.2,0.522,0.522,2.6,3.9,0.669,2.7,6.0,8.7,1.2,1.0,1.5,1.8,3.2,13.3,19.0,0.556,0.38,10.1,23.7,16.7,7.3,1.8,3.8,12.9,20.8,2.9,2.3,5.1,0.11199999999999999,-0.8,1.4,0.7,1.5,11737500
raymondfelton,NYK,PG,65,65,31.0,3.7,9.4,0.395,0.446,1.4,1.9,0.721,0.8,2.2,3.0,5.6,1.2,0.4,2.0,2.4,9.7,12.9,0.47600000000000003,0.201,3.1,8.6,5.7,28.1,2.1,1.2,16.3,18.2,1.1,1.1,2.2,0.053,-0.1,-0.8,-0.9,0.5,3715383
landryfields,TOR,SF,30,2,10.7,0.9,2.2,0.40299999999999997,0.40299999999999997,0.5,0.7,0.636,0.5,1.5,2.0,0.7,0.3,0.1,0.4,0.8,2.3,8.6,0.44299999999999995,0.32799999999999996,5.4,16.0,10.7,9.3,1.6,0.7,12.5,12.4,0.0,0.4,0.4,0.057,-3.9,0.9,-2.9,-0.1,6250000
evanfournier,DEN,SG,76,4,19.8,3.0,7.2,0.419,0.501,1.2,1.6,0.7559999999999999,0.4,2.2,2.7,1.5,0.4,0.1,1.3,2.4,8.4,10.3,0.5329999999999999,0.226,2.4,12.1,7.3,11.6,1.1,0.3,14.3,19.7,0.6,0.8,1.4,0.043,-0.9,-1.6,-2.5,-0.2,1639061
randyfoye,DEN,SG,81,78,30.7,4.5,10.8,0.413,0.521,1.9,2.3,0.8490000000000001,0.4,2.4,2.9,3.5,0.8,0.5,1.8,2.5,13.2,13.3,0.5579999999999999,0.21100000000000002,1.6,8.5,5.0,17.7,1.3,1.2,13.2,18.8,3.3,1.3,4.6,0.08900000000000001,1.9,-1.0,0.9,1.8,3045000
joelfreeland,POR,C,52,0,14.0,1.5,3.1,0.475,0.475,0.4,0.6,0.69,1.7,2.3,4.0,0.7,0.2,0.4,0.6,1.8,3.3,11.3,0.498,0.179,13.2,17.6,15.4,7.1,0.7,2.1,15.5,12.4,0.7,0.7,1.4,0.09300000000000001,-1.8,1.1,-0.7,0.2,2975000
channingfrye,PHO,PF,82,82,28.2,4.1,9.5,0.43200000000000005,0.535,1.0,1.2,0.821,0.9,4.2,5.1,1.2,0.7,0.8,1.1,3.0,11.1,13.2,0.555,0.122,3.6,16.6,10.1,6.4,1.3,2.1,9.8,17.3,2.9,2.4,5.3,0.109,0.9,0.2,1.1,1.8,8000000
kevingarnett,BRK,C,54,54,20.5,2.9,6.6,0.441,0.441,0.7,0.9,0.809,1.1,5.5,6.6,1.5,0.8,0.7,1.3,2.3,6.5,13.3,0.467,0.132,6.5,32.1,19.3,12.4,2.0,3.0,15.5,18.9,-0.7,1.9,1.2,0.054000000000000006,-4.7,2.8,-1.9,0.0,12000000
marcgasol,MEM,C,59,59,33.4,5.7,12.1,0.473,0.474,3.1,4.1,0.768,1.4,5.8,7.2,3.6,1.0,1.3,1.9,2.5,14.6,18.2,0.526,0.33899999999999997,5.0,20.5,12.7,17.7,1.6,3.2,12.0,21.7,2.6,3.1,5.6,0.13699999999999998,0.0,2.9,2.9,2.4,14375941
paugasol,LAL,C,60,60,31.4,7.1,14.8,0.48,0.48200000000000004,3.1,4.2,0.736,2.1,7.6,9.7,3.4,0.5,1.5,2.4,2.1,17.4,19.3,0.522,0.287,7.0,25.9,16.4,18.7,0.7,3.5,12.4,26.4,1.3,1.7,3.0,0.076,-1.0,1.6,0.6,1.3,7448760
alonzogee,CLE,SF,65,24,15.7,1.5,3.6,0.415,0.456,0.7,0.9,0.705,0.5,1.8,2.3,0.7,0.6,0.2,0.7,1.5,4.0,8.6,0.491,0.258,3.8,12.8,8.2,6.9,2.0,1.2,14.3,13.4,-0.1,1.0,0.9,0.040999999999999995,-3.3,0.7,-2.6,-0.2,1063384
paulgeorge,IND,SF,80,80,36.2,7.2,17.0,0.424,0.49,5.0,5.8,0.8640000000000001,0.8,6.0,6.8,3.5,1.9,0.3,2.8,2.5,21.7,20.1,0.555,0.341,2.6,17.7,10.5,17.9,2.7,0.6,12.5,28.3,4.4,6.4,10.8,0.17800000000000002,2.9,1.8,4.7,4.9,18314532
tajgibson,CHI,PF,82,8,28.7,5.2,10.9,0.479,0.479,2.6,3.4,0.7509999999999999,2.4,4.4,6.8,1.1,0.5,1.4,1.8,2.5,13.0,16.0,0.524,0.314,9.8,17.1,13.5,7.3,0.9,3.7,12.8,23.0,1.4,4.4,5.7,0.11699999999999999,-2.6,1.4,-1.1,0.5,8250000
manuginobili,SAS,SG,68,3,22.8,4.3,9.2,0.469,0.541,2.4,2.8,0.851,0.4,2.5,3.0,4.3,1.0,0.3,2.0,1.9,12.3,20.0,0.59,0.3,2.3,12.0,7.3,29.0,2.3,0.8,16.4,24.7,3.3,2.4,5.7,0.17600000000000002,3.6,0.4,4.0,2.4,7250000
rudygobert,UTA,C,45,0,9.6,0.8,1.6,0.486,0.486,0.7,1.4,0.49200000000000005,1.1,2.3,3.4,0.2,0.2,0.9,0.7,1.3,2.3,12.9,0.507,0.878,13.1,28.5,20.6,2.4,1.0,7.4,23.8,14.2,-0.2,0.6,0.4,0.045,-6.1,1.8,-4.3,-0.3,1375842
archiegoodwin,PHO,SG,52,0,10.3,1.5,3.2,0.455,0.47,0.7,1.1,0.6729999999999999,0.5,1.2,1.7,0.4,0.4,0.2,0.8,0.9,3.7,10.3,0.507,0.32899999999999996,5.3,13.0,9.2,5.7,1.9,1.6,18.7,19.4,-0.3,0.5,0.2,0.018000000000000002,-3.9,-0.4,-4.3,-0.3,1357732
ericgordon,NOP,SG,64,64,32.1,5.6,12.8,0.436,0.498,2.7,3.5,0.785,0.5,2.1,2.6,3.3,1.2,0.2,2.1,1.8,15.4,14.9,0.54,0.273,1.7,7.7,4.7,16.6,1.9,0.5,12.8,23.2,2.0,0.5,2.5,0.057999999999999996,1.2,-2.5,-1.2,0.4,14591391
marcingortat,WAS,C,81,80,32.8,5.6,10.4,0.542,0.542,1.9,2.8,0.6859999999999999,2.5,7.0,9.5,1.7,0.5,1.5,1.6,2.5,13.2,17.6,0.568,0.273,8.7,25.1,16.7,8.4,0.8,3.8,11.8,18.2,4.1,4.0,8.1,0.146,-1.1,2.1,1.0,2.0,12000000
dannygreen,SAS,SG,68,59,24.3,3.2,7.4,0.43200000000000005,0.562,0.7,0.9,0.794,0.4,3.0,3.4,1.5,1.0,0.9,1.1,1.6,9.1,13.9,0.58,0.125,1.8,13.4,7.8,8.9,2.0,2.7,12.5,16.7,1.4,2.8,4.2,0.122,1.2,2.1,3.3,2.2,3762500
draymondgreen,GSW,SF,82,12,21.9,2.3,5.6,0.40700000000000003,0.467,1.0,1.5,0.667,1.0,3.9,5.0,1.9,1.2,0.9,1.1,2.8,6.2,12.7,0.498,0.268,5.3,19.3,12.4,11.9,2.8,3.0,15.1,14.8,0.7,3.8,4.5,0.11900000000000001,-1.6,4.4,2.8,2.2,880248
geraldgreen,PHO,SG,82,48,28.4,5.5,12.3,0.445,0.547,2.4,2.8,0.848,0.6,2.8,3.4,1.5,0.9,0.5,1.8,2.7,15.8,16.5,0.585,0.22899999999999998,2.3,10.9,6.6,8.6,1.5,1.4,11.6,23.6,4.2,1.9,6.1,0.126,2.4,-1.4,1.0,1.8,3500000
jeffgreen,BOS,SF,82,82,34.2,5.9,14.3,0.41200000000000003,0.469,3.5,4.3,0.795,0.7,4.0,4.6,1.7,0.7,0.6,2.0,2.2,16.9,13.1,0.52,0.304,2.1,13.6,7.7,8.4,1.0,1.3,11.1,23.6,1.3,2.0,3.3,0.057,-0.7,-1.3,-2.1,0.0,8800000
williegreen,LAC,SG,55,9,15.8,1.9,4.9,0.376,0.452,0.5,0.6,0.8240000000000001,0.2,1.2,1.4,0.9,0.4,0.2,0.6,1.7,5.0,7.1,0.47700000000000004,0.125,1.6,8.2,5.0,8.3,1.3,1.0,10.6,16.3,-0.2,0.7,0.5,0.027999999999999997,-2.6,-0.8,-3.4,-0.3,1407666
blakegriffin,LAC,PF,80,80,35.8,9.0,17.0,0.528,0.5329999999999999,6.0,8.4,0.715,2.4,7.1,9.5,3.9,1.2,0.6,2.8,3.3,24.1,23.9,0.583,0.496,7.7,21.2,14.7,19.2,1.6,1.4,11.9,29.0,8.1,4.1,12.2,0.205,3.0,1.6,4.6,4.8,18907725
tylerhansbrough,TOR,PF,64,4,15.3,1.5,3.1,0.474,0.474,2.0,2.9,0.6809999999999999,1.9,2.6,4.5,0.3,0.4,0.3,0.7,2.1,4.9,14.2,0.562,0.9440000000000001,14.2,20.0,17.1,2.7,1.5,1.6,14.5,15.1,1.7,1.4,3.0,0.149,-1.7,-0.2,-1.8,0.0,3254618
timhardaway,NYK,SG,81,1,23.1,3.6,8.5,0.428,0.523,1.3,1.6,0.828,0.2,1.3,1.5,0.8,0.5,0.1,0.6,1.8,10.2,12.7,0.5539999999999999,0.18600000000000003,1.2,6.6,3.8,5.8,1.2,0.3,5.9,19.6,2.7,0.4,3.1,0.08,1.3,-3.5,-2.3,-0.1,1508381
jamesharden,HOU,SG,73,73,38.0,7.5,16.5,0.456,0.529,7.9,9.1,0.866,0.8,3.9,4.7,6.1,1.6,0.4,3.6,2.4,25.4,23.5,0.618,0.552,2.6,10.7,6.9,27.3,2.1,0.8,15.0,27.8,10.1,2.7,12.8,0.221,6.2,-0.5,5.7,5.4,15756438
mauriceharkless,ORL,SF,80,41,24.4,2.8,6.0,0.46399999999999997,0.525,1.1,1.8,0.594,0.9,2.4,3.3,1.0,1.2,0.6,1.1,1.8,7.4,11.8,0.542,0.29600000000000004,4.0,11.4,7.7,6.4,2.6,2.0,13.6,14.8,0.6,2.1,2.8,0.068,-1.6,1.4,-0.1,0.9,2080925
devinharris,DAL,PG,40,0,20.5,2.4,6.4,0.37799999999999995,0.439,2.3,2.9,0.8,0.2,1.9,2.1,4.5,0.7,0.1,1.5,1.8,7.9,14.6,0.517,0.45299999999999996,1.1,10.8,6.0,31.0,1.8,0.2,16.2,20.2,1.2,0.4,1.6,0.094,0.5,-2.1,-1.6,0.1,4140721
tobiasharris,ORL,PF,61,36,30.3,5.4,11.7,0.46399999999999997,0.486,3.2,4.0,0.807,1.4,5.5,7.0,1.3,0.7,0.4,1.3,2.3,14.6,16.5,0.542,0.341,5.4,20.6,13.0,7.7,1.1,1.0,8.7,22.2,2.4,1.7,4.1,0.107,-0.7,-1.0,-1.7,0.1,1706649
udonishaslem,MIA,PF,46,18,14.2,1.6,3.2,0.507,0.507,0.5,1.0,0.568,0.9,2.9,3.8,0.3,0.2,0.3,0.5,1.7,3.8,10.5,0.523,0.301,8.4,24.7,16.8,2.9,0.9,2.0,12.7,13.9,0.3,0.8,1.1,0.083,-4.1,-0.7,-4.9,-0.5,2793470
gordonhayward,UTA,SF,77,77,36.4,5.5,13.4,0.413,0.45399999999999996,4.0,4.9,0.816,0.8,4.3,5.1,5.2,1.4,0.5,2.8,2.0,16.2,16.2,0.52,0.369,2.5,14.0,8.0,24.1,2.1,1.1,15.0,23.1,2.2,1.5,3.6,0.062,1.0,0.0,1.0,2.1,15741355
geraldhenderson,CHA,SG,77,77,32.0,5.2,12.1,0.433,0.455,3.1,4.0,0.7609999999999999,0.4,3.6,4.0,2.6,0.7,0.4,1.5,2.1,14.0,13.1,0.507,0.332,1.4,12.9,7.1,13.9,1.1,1.0,9.6,22.1,0.8,2.8,3.6,0.071,-1.7,0.0,-1.7,0.2,6000000
johnhenson,MIL,PF,70,23,26.5,4.9,9.1,0.5379999999999999,0.5379999999999999,1.3,2.5,0.514,2.4,4.7,7.1,1.6,0.6,1.7,1.6,2.6,11.1,17.9,0.5429999999999999,0.27699999999999997,10.2,20.8,15.3,10.9,1.2,5.1,13.7,20.3,1.7,1.5,3.3,0.084,-1.0,1.4,0.3,1.1,3183295
royhibbert,IND,C,81,81,29.7,4.1,9.3,0.439,0.44,2.6,3.3,0.77,2.5,4.1,6.6,1.1,0.4,2.2,1.8,3.3,10.8,13.5,0.499,0.35700000000000004,9.9,15.0,12.5,6.2,0.6,5.7,14.5,19.4,0.5,5.0,5.4,0.10800000000000001,-3.4,3.3,-0.2,1.1,14610937
jjhickson,DEN,PF,69,52,26.9,4.8,9.5,0.508,0.508,2.2,4.2,0.517,3.0,6.2,9.2,1.4,0.7,0.7,1.9,2.6,11.8,16.2,0.521,0.44299999999999995,11.9,24.8,18.3,8.4,1.2,2.0,14.1,20.8,1.3,2.1,3.3,0.086,-1.7,0.8,-0.8,0.6,5381750
nenehilario,WAS,PF,53,37,29.4,5.6,11.2,0.503,0.504,2.9,5.0,0.583,1.2,4.3,5.5,2.9,1.2,0.9,2.2,3.1,14.2,16.6,0.53,0.44799999999999995,4.7,17.3,10.9,16.3,2.1,2.5,14.1,24.0,0.8,2.4,3.2,0.098,-1.6,1.8,0.2,0.9,13000000
georgehill,IND,PG,76,76,32.0,3.6,8.1,0.442,0.519,1.9,2.3,0.807,0.7,3.0,3.7,3.5,1.0,0.3,1.2,2.1,10.3,13.4,0.563,0.28600000000000003,2.6,10.1,6.5,17.2,1.6,0.7,11.7,14.8,3.8,4.0,7.8,0.154,1.0,1.4,2.4,2.7,8000000
jordanhill,LAL,PF,72,32,20.8,4.0,7.2,0.5489999999999999,0.5489999999999999,1.7,2.5,0.685,2.7,4.7,7.4,0.8,0.4,0.9,1.0,2.4,9.7,19.3,0.579,0.34700000000000003,13.8,24.3,19.0,5.9,0.9,3.1,11.1,19.7,3.1,1.3,4.4,0.141,-0.5,-0.2,-0.7,0.5,9000000
solomonhill,IND,SF,28,0,8.1,0.6,1.4,0.425,0.513,0.2,0.3,0.857,0.3,1.1,1.5,0.4,0.2,0.1,0.5,0.7,1.7,7.6,0.545,0.175,4.7,15.2,10.2,7.9,1.1,0.7,23.2,11.3,0.0,0.4,0.4,0.08,-3.3,1.0,-2.3,0.0,1302800
kirkhinrich,CHI,PG,73,61,29.0,3.3,8.5,0.39299999999999996,0.461,1.3,1.7,0.76,0.4,2.2,2.6,3.9,1.1,0.4,1.6,2.8,9.1,10.8,0.494,0.20199999999999999,1.7,8.5,5.2,22.6,2.0,1.0,15.1,17.3,0.4,3.3,3.8,0.085,-1.3,0.5,-0.8,0.6,2793470
jrueholiday,NOP,PG,34,34,33.6,6.0,13.4,0.447,0.48,1.5,1.9,0.81,0.8,3.4,4.2,7.9,1.6,0.4,3.1,2.7,14.3,17.1,0.505,0.139,2.8,11.8,7.2,38.9,2.6,0.9,17.9,23.3,0.8,0.7,1.5,0.064,1.5,-0.8,0.7,0.8,10250001
ryanhollins,LAC,PF,61,0,7.9,0.9,1.2,0.736,0.736,0.6,0.9,0.625,0.5,1.0,1.5,0.1,0.1,0.5,0.5,1.4,2.3,11.9,0.73,0.778,7.4,13.1,10.4,2.4,0.9,4.9,23.1,11.5,0.7,0.6,1.3,0.126,-2.0,1.7,-0.3,0.2,1310286
alhorford,ATL,C,29,29,33.0,8.2,14.5,0.5670000000000001,0.5710000000000001,2.0,2.9,0.682,2.3,6.1,8.4,2.6,0.9,1.5,2.2,1.9,18.6,22.0,0.588,0.20199999999999999,8.0,21.4,14.8,15.2,1.4,3.6,12.3,24.7,1.5,1.3,2.8,0.141,0.8,2.0,2.8,1.1,12000000
dwighthoward,HOU,C,71,71,33.7,6.7,11.3,0.591,0.593,4.9,9.0,0.547,3.3,8.9,12.2,1.8,0.8,1.8,3.2,3.4,18.3,21.3,0.6,0.7979999999999999,11.4,27.9,20.1,9.3,1.2,4.0,17.5,24.0,4.0,4.1,8.0,0.161,-0.3,2.2,1.9,2.4,21897818
robbiehummel,MIN,SF,53,5,12.4,1.3,3.3,0.379,0.469,0.3,0.3,0.938,0.7,1.8,2.5,0.4,0.3,0.0,0.2,1.1,3.4,9.6,0.49200000000000005,0.09,5.7,16.6,11.0,5.0,1.2,0.2,5.2,12.6,0.6,0.6,1.1,0.084,-1.4,-0.7,-2.1,0.0,880000
krishumphries,BOS,PF,69,30,19.9,3.3,6.7,0.501,0.501,1.7,2.1,0.813,1.8,4.1,5.9,1.0,0.4,0.9,0.9,2.0,8.4,18.2,0.552,0.312,10.2,24.0,16.9,8.2,1.2,3.4,10.9,19.0,2.3,1.8,4.1,0.14300000000000002,-1.2,1.2,0.0,0.7,4440000
sergeibaka,OKC,PF,81,81,32.9,6.5,12.1,0.536,0.5479999999999999,1.9,2.5,0.784,2.8,6.0,8.8,1.0,0.5,2.7,1.5,2.9,15.1,19.6,0.5760000000000001,0.203,10.0,19.6,15.0,5.2,0.7,6.7,10.3,19.8,5.2,4.4,9.6,0.17300000000000001,-0.4,2.3,1.9,2.6,12350000
andreiguodala,GSW,SF,63,63,32.4,3.5,7.3,0.48,0.5479999999999999,1.4,2.1,0.652,0.8,3.8,4.7,4.2,1.5,0.3,1.6,1.6,9.3,13.7,0.57,0.28800000000000003,2.9,12.6,7.8,18.2,2.3,0.7,16.2,13.3,2.7,3.1,5.8,0.135,0.5,2.5,3.0,2.6,12000000
ersanilyasova,MIL,PF,55,47,26.9,4.3,10.5,0.409,0.441,1.9,2.4,0.823,1.9,4.3,6.2,1.3,0.8,0.1,1.1,2.5,11.2,13.8,0.486,0.225,8.0,18.8,13.3,8.4,1.6,0.4,8.7,21.3,0.9,0.8,1.6,0.053,-1.1,-2.1,-3.2,-0.5,8000000
kyrieirving,CLE,PG,71,71,35.2,7.5,17.4,0.43,0.48,4.1,4.8,0.861,0.7,2.9,3.6,6.1,1.5,0.3,2.7,2.3,20.8,20.1,0.5329999999999999,0.273,2.3,9.5,5.8,31.6,2.2,0.8,12.1,28.2,4.6,2.1,6.7,0.128,4.1,-0.9,3.2,3.3,5799503
jarrettjack,CLE,PG,80,31,28.2,3.6,8.7,0.41,0.455,1.6,1.9,0.8390000000000001,0.3,2.5,2.8,4.1,0.7,0.3,1.7,1.7,9.5,11.5,0.498,0.213,1.1,10.3,5.6,22.7,1.3,0.8,14.8,17.8,0.9,1.4,2.3,0.049,-1.4,-0.9,-2.3,-0.2,6300000
reggiejackson,OKC,PG,80,36,28.5,5.0,11.5,0.44,0.485,2.0,2.2,0.893,0.5,3.4,3.9,4.1,1.1,0.1,2.1,1.8,13.1,15.4,0.527,0.193,2.2,12.8,7.8,23.1,1.9,0.3,14.5,22.6,2.3,2.6,4.9,0.10400000000000001,0.1,-0.5,-0.4,0.9,1457363
bernardjames,DAL,C,30,0,4.9,0.4,0.8,0.478,0.478,0.2,0.4,0.545,0.5,0.9,1.4,0.1,0.1,0.3,0.3,0.8,0.9,8.5,0.503,0.478,12.0,21.2,16.6,2.8,1.1,4.5,26.4,11.8,0.0,0.2,0.1,0.04,-4.8,1.1,-3.7,-0.1,236886
lebronjames,MIA,PF,77,77,37.7,10.0,17.6,0.5670000000000001,0.61,5.7,7.6,0.75,1.1,5.9,6.9,6.3,1.6,0.3,3.5,1.6,27.1,29.3,0.649,0.43200000000000005,3.6,18.9,11.5,32.0,2.2,0.8,14.4,31.0,12.3,3.7,15.9,0.264,8.0,0.9,8.9,8.0,21108899
aljefferson,CHA,C,73,73,35.0,9.6,18.8,0.509,0.51,2.6,3.8,0.69,2.1,8.7,10.8,2.1,0.9,1.1,1.7,2.4,21.8,22.7,0.532,0.201,6.9,28.3,17.5,12.8,1.4,2.4,7.6,29.3,3.1,4.7,7.8,0.146,0.3,1.5,1.8,2.5,13500000
richardjefferson,UTA,SF,82,78,27.0,3.6,8.0,0.45,0.544,1.5,2.0,0.741,0.2,2.5,2.7,1.6,0.7,0.2,1.1,2.0,10.1,11.8,0.573,0.248,0.9,10.8,5.7,9.6,1.3,0.5,11.5,16.9,2.3,0.4,2.7,0.057999999999999996,0.3,-1.7,-1.4,0.3,1448490
brandonjennings,DET,PG,80,79,34.1,5.3,14.2,0.373,0.441,3.0,4.0,0.7509999999999999,0.7,2.3,3.1,7.6,1.3,0.1,2.7,2.0,15.5,15.6,0.486,0.28300000000000003,2.2,7.8,4.9,34.4,1.9,0.2,14.4,23.4,3.0,0.9,3.9,0.068,2.1,-2.6,-0.5,1.0,8000000
jonasjerebko,DET,PF,64,0,11.6,1.5,3.3,0.47100000000000003,0.546,0.7,0.9,0.7290000000000001,0.8,1.9,2.7,0.6,0.3,0.1,0.7,1.3,4.2,13.4,0.5770000000000001,0.284,7.2,19.3,12.9,7.8,1.4,0.6,15.5,16.0,1.0,0.5,1.4,0.092,-0.7,-1.4,-2.1,0.0,4500000
amirjohnson,TOR,PF,77,72,28.8,4.5,7.9,0.562,0.578,1.2,1.9,0.636,2.2,4.3,6.6,1.5,0.7,1.1,1.6,3.5,10.4,15.4,0.5920000000000001,0.23399999999999999,9.0,17.6,13.3,8.7,1.3,3.2,15.4,16.4,3.2,3.1,6.3,0.136,0.2,2.4,2.6,2.6,6000000
jamesjohnson,MEM,SF,52,4,18.4,2.8,5.9,0.46399999999999997,0.5,1.5,1.7,0.8440000000000001,1.2,2.0,3.2,2.1,0.8,1.1,1.3,2.0,7.4,18.5,0.552,0.292,7.4,13.2,10.3,18.2,2.3,5.0,16.0,20.0,1.4,1.6,3.0,0.15,1.3,3.2,4.5,1.6,2500000
joejohnson,BRK,SG,79,79,32.6,5.8,12.9,0.45399999999999996,0.5329999999999999,2.0,2.5,0.815,0.6,2.8,3.4,2.7,0.6,0.1,1.5,1.6,15.8,15.5,0.564,0.192,2.2,10.3,6.3,15.0,1.0,0.3,9.8,22.3,3.9,1.0,4.9,0.091,2.0,-2.2,-0.1,1.2,20609682
wesleyjohnson,LAL,SF,79,62,28.4,3.5,8.2,0.425,0.502,0.8,1.0,0.792,0.9,3.5,4.4,1.6,1.1,1.0,1.1,2.6,9.1,11.0,0.522,0.11800000000000001,3.3,13.3,8.3,8.2,1.9,2.5,11.6,15.1,0.4,1.5,1.9,0.040999999999999995,-1.1,1.3,0.2,1.2,981084
terrencejones,HOU,PF,76,71,27.3,5.1,9.4,0.542,0.564,1.6,2.6,0.605,2.1,4.8,6.9,1.1,0.7,1.3,0.9,1.8,12.1,19.1,0.5770000000000001,0.27399999999999997,9.2,18.5,14.1,7.0,1.3,3.5,8.2,18.3,4.6,2.7,7.3,0.16899999999999998,0.9,1.3,2.2,2.2,1786262
deandrejordan,LAC,C,82,82,35.0,4.2,6.3,0.6759999999999999,0.6759999999999999,2.0,4.6,0.428,4.0,9.5,13.6,0.9,1.0,2.5,1.5,3.2,10.4,18.2,0.63,0.726,13.3,29.3,21.6,3.7,1.4,5.4,15.3,12.4,5.3,5.8,11.1,0.18600000000000003,-0.1,4.2,4.1,4.4,10759764
coryjoseph,SAS,SG,68,19,13.8,1.9,3.9,0.475,0.498,1.2,1.4,0.823,0.5,1.1,1.6,1.7,0.5,0.2,0.6,1.2,5.0,14.7,0.5579999999999999,0.36200000000000004,4.0,8.7,6.4,17.2,1.9,1.1,12.3,16.9,1.6,1.3,2.9,0.14800000000000002,0.0,0.6,0.6,0.6,1290400
chriskaman,LAL,C,39,13,18.9,4.5,8.9,0.509,0.509,1.3,1.7,0.765,1.4,4.5,5.9,1.5,0.3,1.0,1.9,2.4,10.4,17.0,0.537,0.19699999999999998,7.8,25.4,16.6,14.1,0.7,3.9,16.4,26.7,-0.2,0.7,0.5,0.036000000000000004,-3.1,0.7,-2.4,-0.1,4908000
eneskanter,UTA,C,80,37,26.7,5.2,10.7,0.491,0.491,1.9,2.6,0.73,2.8,4.7,7.5,0.9,0.4,0.5,1.8,2.9,12.3,15.6,0.523,0.239,11.6,20.9,16.1,6.4,0.7,1.5,13.3,23.3,1.3,0.9,2.2,0.05,-2.1,-1.8,-3.9,-1.0,4663129
ryankelly,LAL,PF,59,25,22.2,2.7,6.3,0.423,0.488,1.9,2.3,0.815,0.7,3.0,3.7,1.6,0.5,0.8,0.8,2.5,8.0,12.6,0.5479999999999999,0.364,3.4,14.4,8.9,10.7,1.2,2.5,9.8,15.9,1.5,0.7,2.2,0.081,-0.5,0.3,-0.2,0.6,1687125
michaelkiddgilchrist,CHA,SF,62,62,24.2,2.7,5.7,0.473,0.475,1.8,3.0,0.614,1.8,3.5,5.2,0.8,0.7,0.6,1.0,2.3,7.2,12.0,0.516,0.521,8.2,16.2,12.2,5.4,1.5,2.1,12.1,15.2,0.9,2.2,3.1,0.098,-2.7,1.7,-0.9,0.4,5190231
brandonknight,MIL,PG,72,69,33.3,6.4,15.2,0.42200000000000004,0.473,3.6,4.5,0.802,0.6,2.9,3.5,4.9,1.0,0.2,2.6,2.0,17.9,16.5,0.523,0.29600000000000004,2.1,10.3,6.1,26.6,1.5,0.6,13.2,26.8,2.4,0.4,2.8,0.055,2.0,-2.9,-0.9,0.7,2897459
kylekorver,ATL,SG,71,71,33.9,4.1,8.6,0.475,0.626,1.2,1.3,0.9259999999999999,0.3,3.7,4.0,2.9,1.0,0.3,1.4,2.1,12.0,13.5,0.653,0.154,1.1,12.4,6.8,13.3,1.5,0.8,13.6,14.2,3.9,2.0,5.9,0.11800000000000001,2.0,0.2,2.2,2.5,6000000
kostakoufos,MEM,C,80,22,16.9,2.8,5.7,0.495,0.495,0.8,1.2,0.645,2.0,3.2,5.2,0.5,0.4,0.9,0.8,2.3,6.4,16.5,0.514,0.203,14.0,22.7,18.4,4.7,1.3,4.4,11.8,19.4,1.3,2.2,3.5,0.124,-2.1,1.2,-0.9,0.4,3000000
jeremylamb,OKC,SG,78,0,19.7,3.4,7.8,0.43200000000000005,0.504,0.7,0.8,0.797,0.3,2.1,2.4,1.5,0.7,0.3,0.8,1.8,8.5,13.4,0.522,0.105,2.1,11.3,6.9,11.8,1.8,1.4,8.7,20.1,1.4,1.8,3.3,0.102,-0.3,-0.9,-1.2,0.3,2341929
shanelarkin,DAL,PG,48,0,10.2,1.1,2.9,0.38,0.423,0.3,0.5,0.64,0.2,0.6,0.9,1.5,0.5,0.0,0.8,1.0,2.8,8.3,0.446,0.182,2.6,7.3,5.0,20.4,2.7,0.2,20.9,17.4,-0.4,0.3,-0.1,-0.01,-3.5,-1.2,-4.7,-0.3,1571520
tylawson,DEN,PG,62,61,35.8,5.6,13.0,0.431,0.475,5.2,6.5,0.7979999999999999,0.6,2.8,3.5,8.8,1.6,0.2,3.2,1.8,17.6,19.0,0.5539999999999999,0.504,1.9,8.5,5.2,38.2,2.2,0.3,16.9,22.7,4.8,1.5,6.3,0.136,2.9,-1.2,1.7,2.1,12000000
davidlee,GSW,PF,69,67,33.2,7.4,14.2,0.523,0.523,3.3,4.3,0.78,2.6,6.7,9.3,2.1,0.7,0.4,2.2,3.0,18.2,19.1,0.5660000000000001,0.302,8.8,21.6,15.3,10.9,1.0,0.9,12.0,24.3,4.1,3.5,7.6,0.16,-0.1,0.8,0.8,1.6,13256280
alexlen,PHO,C,42,3,8.6,0.8,1.9,0.423,0.423,0.5,0.7,0.645,0.9,1.4,2.4,0.1,0.1,0.4,0.6,1.6,2.0,7.3,0.469,0.397,12.1,18.6,15.3,1.6,0.6,3.8,22.1,14.3,-0.2,0.4,0.2,0.024,-5.7,-0.2,-5.9,-0.4,3943345
kawhileonard,SAS,SF,66,65,29.1,5.1,9.8,0.522,0.5760000000000001,1.5,1.9,0.802,1.2,5.1,6.2,2.0,1.7,0.8,1.2,1.9,12.8,19.4,0.602,0.195,4.6,18.9,12.1,10.4,3.0,1.9,10.3,18.3,3.8,3.9,7.7,0.193,2.3,3.4,5.8,3.8,2080925
meyersleonard,POR,C,40,0,8.9,1.0,2.3,0.451,0.451,0.4,0.5,0.762,0.7,2.1,2.8,0.5,0.2,0.1,0.4,1.9,2.5,9.4,0.489,0.231,8.0,25.5,16.8,7.3,1.0,1.0,13.0,14.2,0.2,0.5,0.6,0.086,-3.6,0.4,-3.3,-0.1,2435620
jonleuer,MEM,PF,49,0,13.1,2.5,5.0,0.49200000000000005,0.539,0.8,1.0,0.787,0.8,2.5,3.2,0.4,0.4,0.3,0.6,1.3,6.2,17.6,0.5660000000000001,0.191,6.8,22.4,14.6,5.2,1.5,1.7,9.2,21.1,1.1,0.9,2.0,0.149,-0.6,-0.9,-1.6,0.1,967500
damianlillard,POR,PG,82,82,35.8,6.7,15.9,0.424,0.508,4.5,5.2,0.871,0.4,3.1,3.5,5.6,0.8,0.3,2.4,2.4,20.7,18.6,0.568,0.327,1.3,9.2,5.3,25.1,1.1,0.5,11.5,25.0,7.8,1.8,9.6,0.157,4.4,-1.7,2.7,3.5,3461292
jeremylin,HOU,PG,71,33,28.9,4.2,9.3,0.446,0.508,3.1,3.7,0.823,0.5,2.2,2.6,4.1,1.0,0.4,2.5,2.3,12.5,14.3,0.5720000000000001,0.4,2.0,7.8,5.1,22.3,1.7,1.0,18.4,20.4,2.8,1.6,4.4,0.10300000000000001,0.6,-1.0,-0.4,0.8,8374646
shaunlivingston,BRK,PG,76,54,26.0,3.1,6.4,0.483,0.484,2.1,2.5,0.8270000000000001,0.9,2.4,3.2,3.2,1.2,0.4,1.4,2.3,8.3,14.5,0.551,0.392,4.1,10.8,7.5,20.1,2.5,1.3,15.5,16.1,2.6,1.8,4.4,0.10800000000000001,-0.5,1.1,0.6,1.3,5543725
robinlopez,POR,C,82,82,31.7,4.3,7.9,0.551,0.551,2.4,3.0,0.818,4.0,4.6,8.5,0.9,0.3,1.7,1.0,2.4,11.1,17.7,0.605,0.376,13.6,15.3,14.5,4.2,0.5,3.7,10.1,14.0,7.0,2.6,9.5,0.17600000000000002,1.4,1.6,3.0,3.3,5119761
kevinlove,MIN,PF,77,77,36.3,8.4,18.5,0.457,0.524,6.8,8.2,0.821,2.9,9.6,12.5,4.4,0.8,0.5,2.5,1.8,26.1,26.9,0.591,0.445,8.5,29.5,18.7,21.4,1.0,1.0,10.3,28.8,10.6,3.7,14.3,0.245,7.2,1.2,8.4,7.3,15206485
kylelowry,TOR,PG,79,79,36.2,5.8,13.7,0.423,0.511,4.0,4.9,0.813,1.1,3.6,4.7,7.4,1.5,0.2,2.5,3.4,17.9,20.1,0.5670000000000001,0.35600000000000004,3.6,11.5,7.5,34.7,2.2,0.4,13.4,22.9,8.4,3.3,11.7,0.19699999999999998,5.8,0.1,5.9,5.7,12000000
johnlucasiii,UTA,PG,42,6,14.1,1.5,4.5,0.326,0.392,0.2,0.4,0.625,0.3,0.6,0.9,1.0,0.3,0.0,0.5,1.0,3.8,5.2,0.40299999999999997,0.084,2.3,5.4,3.8,11.1,1.2,0.0,10.0,17.0,-0.7,0.0,-0.7,-0.057999999999999996,-3.7,-3.3,-7.0,-0.7,336966
shelvinmack,ATL,PG,73,11,20.4,2.9,6.9,0.41700000000000004,0.479,0.9,1.0,0.865,0.3,1.9,2.2,3.7,0.7,0.0,1.2,1.4,7.5,13.2,0.51,0.14800000000000002,1.6,10.7,6.2,28.8,1.7,0.1,14.3,19.0,1.2,1.2,2.3,0.07400000000000001,-0.7,-1.7,-2.4,-0.1,2433333
ianmahinmi,IND,C,77,1,16.2,1.2,2.5,0.48100000000000004,0.48100000000000004,1.2,1.9,0.621,1.4,1.9,3.3,0.3,0.5,0.9,0.8,2.7,3.5,10.2,0.5379999999999999,0.767,10.1,12.9,11.6,2.9,1.7,4.4,18.7,11.4,0.7,2.7,3.3,0.129,-3.3,3.6,0.3,0.7,4000000
shawnmarion,DAL,SF,76,76,31.7,4.5,9.3,0.48200000000000004,0.523,0.7,0.9,0.785,1.7,4.8,6.5,1.6,1.2,0.5,1.3,1.6,10.4,13.7,0.537,0.092,6.4,17.4,11.9,7.6,1.9,1.3,11.4,15.7,2.2,2.1,4.3,0.086,0.0,1.1,1.1,1.9,1448490
kenyonmartin,NYK,PF,32,15,19.8,2.0,3.8,0.512,0.512,0.3,0.6,0.579,1.1,3.1,4.2,1.6,0.8,0.8,0.8,2.7,4.3,12.2,0.521,0.154,6.5,18.7,12.5,11.9,2.1,3.8,16.5,11.6,0.5,0.7,1.2,0.09,-2.0,3.1,1.1,0.5,8521
kevinmartin,MIN,SG,68,68,32.0,6.5,15.0,0.43,0.486,4.5,5.0,0.8909999999999999,0.5,2.5,3.0,1.8,1.0,0.1,1.6,1.8,19.1,16.3,0.5529999999999999,0.332,1.7,8.7,5.1,9.2,1.5,0.2,8.3,25.0,3.8,1.5,5.3,0.11699999999999999,1.4,-2.0,-0.6,0.8,6938750
wesleymatthews,POR,SG,82,82,33.9,5.4,12.3,0.441,0.541,3.1,3.7,0.8370000000000001,0.6,2.9,3.5,2.4,0.9,0.2,1.3,2.1,16.4,15.7,0.588,0.298,2.0,9.1,5.6,10.9,1.4,0.4,8.8,19.6,6.3,1.9,8.2,0.142,3.4,-0.9,2.4,3.1,6505320
jasonmaxiell,ORL,PF,34,13,14.4,1.4,3.1,0.44799999999999995,0.44799999999999995,0.4,0.9,0.484,0.8,1.7,2.5,0.3,0.2,0.6,0.4,1.4,3.2,8.1,0.45899999999999996,0.295,6.5,13.5,10.0,2.8,0.8,3.2,10.6,12.4,-0.1,0.4,0.3,0.028999999999999998,-5.3,0.3,-5.0,-0.4,1316809
ojmayo,MIL,SG,52,23,25.9,4.3,10.6,0.40700000000000003,0.484,1.5,1.7,0.8640000000000001,0.5,1.9,2.4,2.2,0.5,0.3,1.8,2.1,11.7,11.2,0.516,0.16,2.0,8.8,5.3,14.6,1.1,0.8,13.9,23.0,0.0,0.0,0.1,0.002,-0.7,-3.5,-4.2,-0.7,8000000
raymccallum,SAC,PG,45,10,19.9,2.5,6.7,0.377,0.413,0.7,1.0,0.7440000000000001,0.4,1.4,1.8,2.7,0.5,0.2,0.9,1.5,6.2,9.7,0.439,0.14300000000000002,2.2,7.8,5.0,21.0,1.2,0.8,10.9,17.6,0.0,0.4,0.4,0.02,-2.3,-1.7,-4.1,-0.5,762791
cjmccollum,POR,SG,38,0,12.5,1.9,4.7,0.41600000000000004,0.5,0.6,0.9,0.6759999999999999,0.2,1.1,1.3,0.7,0.4,0.1,0.9,1.4,5.3,9.0,0.521,0.191,1.6,9.2,5.4,8.7,1.5,0.3,15.4,20.9,-0.2,0.3,0.2,0.019,-2.1,-2.0,-4.1,-0.3,2620615
benmclemore,SAC,SG,82,55,26.7,3.1,8.3,0.376,0.446,1.4,1.7,0.804,0.6,2.2,2.9,1.0,0.5,0.2,1.2,2.5,8.8,7.7,0.485,0.21100000000000002,2.7,9.5,6.1,5.8,1.0,0.7,11.5,16.9,-0.1,0.9,0.8,0.016,-1.8,-1.3,-3.2,-0.6,3271931
joshmcroberts,CHA,PF,78,78,30.3,3.2,7.3,0.436,0.529,0.8,1.1,0.7290000000000001,1.1,3.7,4.8,4.3,0.7,0.6,1.1,2.4,8.5,13.8,0.5479999999999999,0.15,4.0,13.8,8.9,21.9,1.3,1.5,12.1,13.4,3.5,3.0,6.5,0.132,1.3,1.6,2.9,2.9,5663088
jodiemeeks,LAL,SG,77,70,33.2,5.4,11.6,0.46299999999999997,0.5539999999999999,2.9,3.4,0.857,0.4,2.1,2.5,1.8,1.4,0.1,1.4,1.5,15.7,14.7,0.601,0.289,1.3,6.9,4.1,8.5,2.1,0.1,9.9,19.1,3.8,0.7,4.5,0.084,2.2,-1.4,0.7,1.8,6270000
khrismiddleton,MIL,SF,82,64,30.0,4.6,10.4,0.44,0.511,1.4,1.7,0.861,0.7,3.0,3.8,2.1,1.0,0.2,1.5,3.0,12.1,12.5,0.541,0.16,2.7,12.0,7.2,11.7,1.8,0.7,11.9,19.1,1.9,0.8,2.7,0.053,0.1,-1.6,-1.5,0.3,725906
cjmiles,CLE,SG,51,34,19.3,3.5,8.0,0.435,0.537,1.3,1.5,0.853,0.4,1.7,2.0,1.0,0.9,0.3,0.9,2.0,9.9,16.0,0.569,0.183,2.0,9.9,5.9,9.1,2.4,1.3,9.1,22.0,1.5,0.9,2.5,0.122,2.0,-1.2,0.7,0.7,4488838
mikemiller,MEM,SF,82,4,20.8,2.6,5.4,0.48100000000000004,0.602,0.6,0.7,0.821,0.4,2.2,2.5,1.6,0.3,0.1,0.9,1.2,7.1,12.5,0.619,0.126,2.1,12.3,7.2,11.5,0.8,0.2,14.1,14.7,2.6,1.4,3.9,0.111,1.0,-1.0,0.1,0.9,2793470
quincymiller,DEN,PF,52,16,15.2,1.8,4.9,0.36700000000000005,0.426,0.8,1.1,0.7090000000000001,0.7,2.1,2.8,0.5,0.4,0.6,0.9,1.3,4.9,8.6,0.45899999999999996,0.215,4.9,15.2,10.1,4.9,1.4,3.0,14.6,17.7,-0.7,0.7,0.0,0.002,-4.1,0.3,-3.8,-0.4,582199
paulmillsap,ATL,PF,74,73,33.5,6.5,14.1,0.461,0.498,3.9,5.3,0.731,2.1,6.4,8.5,3.1,1.7,1.1,2.5,2.8,17.9,19.8,0.545,0.373,7.2,21.9,14.6,16.2,2.6,2.5,13.2,25.7,2.7,4.0,6.7,0.129,0.7,2.4,3.1,3.2,9500000
nazrmohammed,CHI,C,80,1,7.0,0.7,1.6,0.429,0.429,0.2,0.4,0.5329999999999999,0.8,1.4,2.2,0.3,0.2,0.4,0.5,1.0,1.6,10.1,0.445,0.23800000000000002,13.6,21.7,17.7,5.8,1.3,4.1,21.0,14.5,-0.4,1.2,0.8,0.07,-6.0,2.6,-3.3,-0.2,1448490
gregmonroe,DET,PF,82,82,32.8,6.1,12.4,0.49700000000000005,0.49700000000000005,2.9,4.5,0.657,3.1,6.1,9.3,2.1,1.1,0.6,2.0,2.5,15.2,18.1,0.531,0.36200000000000004,9.9,21.6,15.4,10.3,1.7,1.4,12.4,21.4,3.7,2.3,5.9,0.106,0.0,0.4,0.3,1.6,5479933
etwaunmoore,ORL,SG,79,3,19.1,2.5,5.8,0.428,0.49,0.7,0.9,0.765,0.4,1.4,1.7,1.4,0.8,0.2,0.7,1.3,6.3,11.1,0.513,0.149,2.2,8.1,5.1,11.8,2.0,0.7,10.2,16.4,0.6,1.1,1.7,0.055,-1.4,-0.8,-2.3,-0.1,981792
marcusmorris,PHO,SF,82,1,22.0,3.5,7.9,0.442,0.518,1.5,1.9,0.7609999999999999,1.0,2.9,3.9,1.1,0.9,0.2,1.2,1.9,9.7,14.8,0.552,0.244,5.2,14.6,9.9,7.6,2.0,0.8,11.6,19.9,2.3,1.8,4.2,0.111,0.6,-0.5,0.2,1.0,2164795
markieffmorris,PHO,PF,81,0,26.6,5.1,10.4,0.486,0.507,3.2,4.0,0.792,1.7,4.3,6.0,1.8,0.8,0.6,1.8,2.9,13.8,18.4,0.564,0.387,7.3,18.0,12.6,10.9,1.6,1.8,12.9,23.2,4.0,2.4,6.4,0.14300000000000002,0.5,0.4,1.0,1.6,2251450
anthonymorrow,NOP,SG,76,9,18.8,3.1,6.8,0.45799999999999996,0.542,0.9,1.1,0.828,0.4,1.5,1.8,0.8,0.5,0.2,0.7,1.3,8.4,13.9,0.57,0.16699999999999998,2.3,9.2,5.7,6.7,1.4,0.7,8.4,19.4,2.1,0.3,2.4,0.081,0.8,-3.1,-2.4,-0.1,3344000
donatasmotiejunas,HOU,PF,62,3,15.4,2.1,4.8,0.44299999999999995,0.478,0.9,1.5,0.604,1.0,2.7,3.6,0.5,0.3,0.3,0.8,2.1,5.5,10.7,0.504,0.324,7.4,18.2,13.1,5.5,1.0,1.6,12.7,17.8,0.3,1.0,1.4,0.069,-2.7,-0.8,-3.5,-0.4,1639061
timofeymozgov,DEN,C,82,30,21.6,3.5,6.6,0.523,0.527,2.4,3.2,0.754,2.1,4.4,6.4,0.8,0.3,1.2,1.5,2.6,9.4,16.7,0.584,0.47700000000000004,10.4,21.9,16.1,5.5,0.7,4.2,15.6,18.8,2.6,1.9,4.5,0.12300000000000001,-1.5,1.0,-0.5,0.7,4666667
shabazzmuhammad,MIN,SG,37,0,7.8,1.5,3.4,0.46,0.47200000000000003,0.7,1.1,0.65,0.6,0.8,1.4,0.2,0.2,0.0,0.4,0.6,3.9,13.1,0.505,0.32299999999999995,8.8,11.2,10.0,3.4,1.4,0.3,10.2,23.1,0.1,0.2,0.3,0.053,-3.1,-3.1,-6.2,-0.3,2240575
touremurry,NYK,PG,51,0,7.3,1.1,2.5,0.434,0.45299999999999996,0.5,0.8,0.59,0.3,0.6,0.9,1.0,0.4,0.0,0.7,0.9,2.7,11.1,0.479,0.302,4.0,10.1,6.9,21.5,2.7,0.2,18.9,22.5,-0.3,0.3,0.0,0.002,-3.4,-1.6,-4.9,-0.3,4803
jameernelson,ORL,PG,68,68,32.0,4.3,11.0,0.39399999999999996,0.485,1.4,1.6,0.857,0.4,3.0,3.4,7.0,0.8,0.1,2.4,2.1,12.1,13.9,0.515,0.15,1.5,10.5,6.0,35.1,1.2,0.2,17.3,20.1,1.6,1.2,2.8,0.062,1.1,-2.2,-1.1,0.5,2793470
andrewnicholson,ORL,PF,76,5,15.4,2.4,5.5,0.429,0.462,0.6,0.8,0.825,0.7,2.7,3.4,0.3,0.2,0.3,0.7,2.0,5.7,9.9,0.489,0.136,5.1,19.5,12.3,3.5,0.8,1.5,10.3,19.3,-0.4,1.0,0.6,0.025,-4.7,-2.0,-6.7,-1.4,1706648
joakimnoah,CHI,C,80,80,35.3,4.8,10.0,0.475,0.475,3.1,4.2,0.737,3.5,7.7,11.3,5.4,1.2,1.5,2.4,3.1,12.6,20.0,0.531,0.419,11.6,24.5,18.2,26.4,1.9,3.3,17.0,18.7,4.5,6.6,11.2,0.19,1.1,5.5,6.6,6.1,12000000
stevenovak,TOR,PF,54,1,10.0,1.1,2.7,0.41100000000000003,0.589,0.1,0.1,1.0,0.1,0.9,1.1,0.2,0.2,0.1,0.1,0.8,3.3,11.1,0.599,0.040999999999999995,1.7,10.8,6.3,3.8,1.2,0.6,3.3,12.9,1.0,0.5,1.4,0.127,1.1,-1.7,-0.5,0.2,3750001
dirknowitzki,DAL,PF,80,80,32.9,7.9,15.9,0.49700000000000005,0.5489999999999999,4.2,4.7,0.899,0.5,5.7,6.2,2.7,0.9,0.6,1.5,2.1,21.7,23.6,0.603,0.295,1.8,20.0,10.9,14.2,1.4,1.4,7.5,26.9,8.6,2.3,10.9,0.19899999999999998,4.1,-0.8,3.3,3.5,8333333
kyleoquinn,ORL,C,69,19,17.2,2.7,5.4,0.501,0.501,0.8,1.2,0.687,1.4,3.8,5.3,1.1,0.6,1.3,1.1,2.4,6.2,16.5,0.526,0.22399999999999998,9.5,25.2,17.3,10.9,1.7,5.8,16.1,18.6,0.5,2.0,2.5,0.10099999999999999,-3.1,3.6,0.5,0.8,830996
victoroladipo,ORL,PG,80,44,31.1,4.9,11.7,0.419,0.45799999999999996,3.1,4.0,0.78,0.5,3.6,4.1,4.1,1.6,0.5,3.2,2.6,13.8,13.6,0.514,0.34,1.9,13.1,7.5,21.9,2.7,1.2,19.2,24.4,-1.4,2.8,1.3,0.026000000000000002,-1.6,0.8,-0.8,0.8,5371860
kellyolynyk,BOS,C,70,9,20.0,3.3,7.2,0.466,0.506,1.4,1.7,0.8109999999999999,2.0,3.2,5.2,1.6,0.5,0.4,1.5,3.2,8.7,15.2,0.546,0.243,11.0,18.8,14.8,13.1,1.3,1.5,16.0,21.0,1.5,1.4,2.9,0.10099999999999999,0.3,0.2,0.5,0.9,2330324
travisoutlaw,SAC,SF,63,4,16.9,2.1,5.2,0.39899999999999997,0.462,0.7,0.8,0.8079999999999999,0.6,2.1,2.7,0.8,0.3,0.3,0.4,1.5,5.4,10.4,0.49200000000000005,0.16,3.8,14.2,8.9,7.0,1.0,1.4,6.9,15.5,0.8,0.6,1.4,0.062,-1.6,-0.9,-2.5,-0.1,4000000
zazapachulia,MIL,C,53,43,25.0,2.8,6.6,0.42700000000000005,0.42700000000000005,2.1,2.5,0.846,2.7,3.6,6.3,2.6,0.8,0.3,1.7,2.3,7.7,14.0,0.502,0.37200000000000005,11.8,17.1,14.4,16.3,1.8,0.9,18.5,17.0,1.0,0.7,1.7,0.06,-1.0,0.3,-0.7,0.4,5200000
tonyparker,SAS,PG,68,68,29.4,6.7,13.4,0.499,0.513,2.9,3.6,0.8109999999999999,0.3,2.0,2.3,5.7,0.5,0.1,2.2,1.3,16.7,18.9,0.555,0.266,1.0,7.5,4.4,31.7,0.9,0.3,12.9,26.5,3.9,1.9,5.9,0.141,1.3,-1.8,-0.5,0.8,12500000
chandlerparsons,HOU,SF,74,74,37.6,6.3,13.3,0.47200000000000003,0.5379999999999999,2.2,3.0,0.742,0.9,4.6,5.5,4.0,1.2,0.4,1.9,2.3,16.6,15.9,0.565,0.22399999999999998,2.9,12.8,8.2,17.3,1.6,0.8,11.7,19.3,5.1,2.5,7.6,0.131,2.2,0.4,2.6,3.2,15361500
chrispaul,LAC,PG,62,62,35.0,6.5,14.0,0.467,0.511,4.8,5.6,0.855,0.6,3.7,4.3,10.7,2.5,0.1,2.3,2.5,19.1,25.9,0.58,0.397,2.0,11.4,6.9,48.9,3.5,0.1,12.4,23.7,9.0,3.2,12.2,0.27,6.8,0.6,7.4,5.2,21468695
nikolapekovic,MIN,C,54,54,30.8,7.0,13.0,0.541,0.541,3.4,4.6,0.747,3.8,4.9,8.7,0.9,0.6,0.4,1.6,2.4,17.5,20.7,0.5820000000000001,0.355,13.1,17.6,15.3,5.2,0.9,1.1,9.4,22.9,4.3,1.5,5.9,0.16899999999999998,1.4,-1.2,0.2,0.9,12000000
kendrickperkins,OKC,C,62,62,19.5,1.4,3.1,0.451,0.451,0.6,1.1,0.552,1.3,3.6,4.9,1.1,0.4,0.5,1.5,2.9,3.4,6.3,0.474,0.34700000000000003,8.0,19.9,14.2,7.6,1.1,2.2,28.8,11.5,-0.9,1.7,0.8,0.031,-4.7,2.1,-2.7,-0.2,434547
paulpierce,BRK,SF,75,68,28.0,4.3,9.5,0.451,0.529,3.4,4.1,0.826,0.3,4.3,4.6,2.4,1.1,0.4,2.0,2.5,13.5,16.8,0.595,0.435,1.5,18.3,9.9,14.5,2.2,1.2,15.3,22.4,2.9,2.3,5.2,0.11900000000000001,1.3,0.2,1.5,1.8,5424363
masonplumlee,BRK,C,70,22,18.2,2.8,4.3,0.659,0.659,1.7,2.8,0.626,1.4,3.0,4.4,0.9,0.7,0.8,1.1,2.4,7.4,19.0,0.67,0.6459999999999999,9.3,19.6,14.5,8.1,2.0,3.6,16.6,17.1,3.0,1.7,4.7,0.17600000000000002,0.5,1.9,2.4,1.4,1599943
milesplumlee,PHO,C,80,79,24.6,3.6,6.9,0.517,0.517,0.9,1.7,0.561,2.5,5.4,7.8,0.5,0.6,1.1,1.4,2.3,8.1,14.6,0.529,0.239,11.3,24.4,17.9,3.3,1.3,3.5,15.4,16.2,1.2,2.8,4.0,0.098,-2.8,1.3,-1.5,0.2,1368493
ottoporter,WAS,SF,37,0,8.6,0.9,2.5,0.363,0.385,0.2,0.3,0.667,0.6,1.0,1.5,0.3,0.2,0.0,0.4,0.7,2.1,6.0,0.405,0.132,7.5,13.3,10.4,4.6,1.3,0.3,12.7,15.6,-0.4,0.3,0.0,-0.006,-5.4,-1.4,-6.8,-0.4,4826355
philpressey,BOS,PG,75,11,15.1,1.0,3.4,0.308,0.364,0.4,0.6,0.644,0.3,1.1,1.4,3.2,0.9,0.1,1.2,1.3,2.8,8.8,0.39,0.17800000000000002,1.9,8.8,5.3,30.8,3.1,0.3,24.2,14.1,-1.0,1.1,0.1,0.005,-3.7,-0.6,-4.4,-0.7,751313
ajprice,MIN,SG,28,0,3.5,0.7,1.6,0.413,0.478,0.0,0.1,0.0,0.0,0.3,0.4,0.5,0.0,0.0,0.3,0.2,1.6,9.7,0.469,0.043,1.1,10.2,5.5,21.5,0.5,0.0,13.0,23.2,-0.1,0.0,0.0,-0.012,-2.1,-3.9,-6.0,-0.1,6255
ronnieprice,ORL,SG,31,2,12.2,0.9,3.0,0.304,0.353,0.3,0.4,0.6920000000000001,0.3,1.1,1.4,2.1,0.8,0.1,0.8,1.6,2.4,7.6,0.379,0.141,2.4,10.5,6.5,25.6,3.4,0.4,21.0,15.0,-0.5,0.4,-0.1,-0.006999999999999999,-4.0,0.3,-3.8,-0.2,1316809
pabloprigioni,NYK,PG,66,27,19.4,1.3,2.9,0.461,0.631,0.2,0.2,0.917,0.5,1.4,2.0,3.5,1.0,0.0,0.9,2.0,3.8,13.0,0.642,0.063,3.2,8.8,5.9,25.6,2.8,0.1,23.4,9.3,2.5,0.9,3.4,0.127,1.5,-0.9,0.6,0.8,1662961
tayshaunprince,MEM,SF,76,76,25.6,2.6,6.5,0.40700000000000003,0.42700000000000005,0.4,0.8,0.5670000000000001,0.4,2.7,3.1,1.6,0.5,0.3,0.5,0.8,6.0,8.2,0.43799999999999994,0.122,1.9,12.3,7.1,8.9,1.1,0.8,7.3,13.3,-0.2,1.8,1.5,0.038,-3.1,0.6,-2.6,-0.3,7000000
miroslavraduljica,MIL,C,48,2,9.7,1.4,2.6,0.54,0.54,0.9,1.1,0.818,1.1,1.1,2.3,0.5,0.1,0.3,0.6,1.8,3.8,15.3,0.603,0.43700000000000006,12.9,13.7,13.3,8.3,0.8,2.3,15.7,17.3,1.0,0.1,1.1,0.11199999999999999,-0.6,-1.8,-2.3,0.0,4803
zachrandolph,MEM,PF,79,79,34.2,7.1,15.2,0.467,0.46799999999999997,3.2,4.3,0.742,3.4,6.7,10.1,2.5,0.7,0.3,2.3,2.7,17.4,18.3,0.51,0.281,11.6,23.3,17.4,12.7,1.1,0.7,12.0,26.1,2.9,3.5,6.4,0.113,0.1,0.4,0.4,1.7,16500000
jjredick,LAC,SG,35,34,28.2,5.2,11.4,0.455,0.546,2.8,3.0,0.915,0.3,1.9,2.1,2.2,0.8,0.1,1.2,1.9,15.2,16.6,0.598,0.266,1.0,7.1,4.2,12.6,1.4,0.2,8.6,21.8,2.3,0.7,3.0,0.147,2.9,-2.1,0.8,0.7,6938750
austinrivers,NOP,PG,69,4,19.4,2.8,6.9,0.405,0.44299999999999995,1.6,2.5,0.636,0.4,1.5,1.9,2.3,0.7,0.1,1.1,1.9,7.7,11.6,0.48200000000000004,0.365,2.2,9.1,5.6,18.7,1.8,0.6,12.3,21.3,0.2,0.4,0.6,0.023,-1.5,-2.5,-3.9,-0.7,2339080
andreroberson,OKC,SG,40,16,10.0,0.8,1.7,0.485,0.5,0.2,0.3,0.7,0.9,1.5,2.4,0.4,0.5,0.3,0.5,1.9,1.9,9.0,0.518,0.147,10.7,15.6,13.3,5.2,2.4,2.0,20.8,10.1,0.2,0.6,0.8,0.099,-2.2,1.9,-0.3,0.2,1323828
brianroberts,NOP,PG,72,42,23.2,3.4,8.1,0.42,0.475,1.7,1.8,0.94,0.2,1.7,1.9,3.3,0.6,0.1,1.3,1.8,9.4,13.4,0.529,0.22899999999999998,1.2,8.4,4.7,22.1,1.3,0.4,12.9,20.0,2.0,0.2,2.2,0.063,0.3,-3.2,-2.9,-0.4,2793470
naterobinson,DEN,PG,44,1,19.7,3.7,8.7,0.428,0.504,1.6,1.9,0.835,0.5,1.4,1.8,2.5,0.8,0.1,1.3,2.1,10.4,15.6,0.544,0.222,2.6,7.5,5.0,21.3,2.0,0.3,12.1,23.5,1.3,0.5,1.8,0.10099999999999999,1.9,-2.1,-0.2,0.4,7746
thomasrobinson,POR,PF,70,0,12.5,2.0,4.2,0.48100000000000004,0.48100000000000004,0.8,1.4,0.564,1.5,2.9,4.4,0.5,0.3,0.3,0.8,1.9,4.8,14.1,0.502,0.345,13.1,24.6,18.9,6.0,1.3,1.6,14.5,19.7,0.4,1.2,1.6,0.09,-3.1,-0.1,-3.2,-0.3,3526480
rajonrondo,BOS,PG,30,30,33.3,4.7,11.7,0.40299999999999997,0.44,1.4,2.2,0.627,0.7,4.7,5.5,9.8,1.3,0.1,3.3,2.2,11.7,15.3,0.461,0.191,2.4,16.6,9.3,47.7,2.1,0.2,20.7,21.3,0.2,1.0,1.1,0.054000000000000006,0.2,-0.2,0.0,0.5,11000000
terrenceross,TOR,SG,81,62,26.7,3.9,9.3,0.423,0.531,1.0,1.2,0.8370000000000001,0.5,2.6,3.1,1.0,0.8,0.3,1.1,2.3,10.9,12.0,0.5529999999999999,0.13,2.3,11.3,6.8,6.1,1.5,1.0,10.0,18.6,2.0,2.2,4.2,0.094,0.6,-0.7,-0.1,1.0,2897459
rickyrubio,MIN,PG,82,82,32.2,3.1,8.2,0.381,0.413,2.8,3.5,0.802,0.7,3.4,4.2,8.6,2.3,0.1,2.7,2.7,9.5,15.4,0.491,0.42200000000000004,2.5,11.9,7.1,37.8,3.6,0.3,21.8,16.4,2.2,3.6,5.9,0.107,0.0,1.5,1.5,2.3,3836364
brandonrush,UTA,SG,38,0,11.0,0.8,2.4,0.33299999999999996,0.42200000000000004,0.1,0.1,0.6,0.1,1.0,1.2,0.6,0.1,0.2,0.5,0.8,2.1,4.1,0.428,0.055999999999999994,1.3,11.1,6.1,8.5,0.6,1.7,17.8,12.3,-0.5,0.0,-0.4,-0.05,-5.0,-1.3,-6.3,-0.4,1208325
robertsacre,LAL,C,65,13,16.8,2.2,4.6,0.47700000000000004,0.47700000000000004,1.0,1.4,0.6809999999999999,1.3,2.6,3.9,0.8,0.4,0.7,0.7,2.1,5.4,12.1,0.513,0.313,8.0,16.9,12.5,7.0,1.1,3.1,11.4,15.5,0.7,0.7,1.4,0.061,-3.1,0.7,-2.3,-0.1,895154
luisscola,IND,PF,82,2,17.1,3.2,6.8,0.47,0.47100000000000003,1.2,1.7,0.728,1.0,3.7,4.8,1.0,0.3,0.2,1.3,2.0,7.6,13.4,0.505,0.243,7.2,23.4,15.7,10.4,1.0,0.9,14.8,23.8,-0.4,2.8,2.5,0.084,-4.3,0.5,-3.8,-0.6,5724622
mikescott,ATL,PF,80,6,18.5,3.8,7.9,0.479,0.529,1.3,1.7,0.78,0.8,2.8,3.6,0.9,0.4,0.1,1.0,1.5,9.6,15.3,0.5589999999999999,0.21,4.9,17.2,11.1,8.9,1.0,0.4,10.3,23.5,1.3,1.2,2.6,0.084,-0.7,-2.3,-3.0,-0.4,3333333
thabosefolosha,OKC,SG,61,61,26.0,2.3,5.6,0.415,0.485,0.9,1.1,0.768,0.8,2.8,3.6,1.5,1.3,0.3,0.9,1.5,6.3,10.4,0.517,0.203,3.7,11.5,7.8,8.3,2.5,0.9,12.9,11.9,0.9,2.1,3.0,0.092,-0.7,1.5,0.8,1.1,4000000
kevinseraphin,WAS,C,53,1,10.9,2.1,4.2,0.505,0.505,0.5,0.6,0.871,1.0,1.4,2.4,0.3,0.1,0.5,0.8,1.9,4.7,12.5,0.5329999999999999,0.141,10.5,15.3,12.8,4.9,0.3,3.7,14.9,21.5,0.2,0.6,0.8,0.066,-4.1,-1.2,-5.2,-0.5,3898691
imanshumpert,NYK,SG,74,58,26.5,2.5,6.5,0.37799999999999995,0.457,0.7,1.0,0.746,1.1,3.1,4.2,1.7,1.2,0.2,1.1,2.8,6.7,9.6,0.48,0.147,4.7,14.0,9.2,9.8,2.5,0.6,13.3,14.1,0.4,1.6,2.0,0.048,-0.8,0.7,-0.1,0.9,1879324
alexeyshved,MIN,SG,63,0,10.5,1.2,3.8,0.321,0.384,1.1,1.4,0.7559999999999999,0.3,1.0,1.3,1.1,0.4,0.3,0.8,0.6,4.0,10.2,0.452,0.38,3.4,10.1,6.6,14.9,1.9,1.8,14.8,20.8,-0.4,0.7,0.2,0.017,-2.7,-0.4,-3.1,-0.2,3150000
kylesingler,DET,SF,82,36,28.5,3.3,7.3,0.447,0.525,1.9,2.2,0.826,1.4,2.3,3.7,0.9,0.7,0.5,1.0,2.6,9.6,11.8,0.574,0.306,5.2,9.2,7.1,4.7,1.3,1.3,10.4,14.0,3.6,0.7,4.4,0.09,0.7,-0.8,-0.1,1.1,1045000
donaldsloan,IND,SG,48,1,8.2,0.9,2.4,0.376,0.419,0.3,0.4,0.6,0.1,0.8,0.9,1.0,0.2,0.0,0.5,0.4,2.3,8.5,0.43700000000000006,0.171,1.2,11.0,6.3,20.1,1.3,0.2,14.9,17.2,-0.3,0.6,0.3,0.039,-4.1,-0.7,-4.8,-0.3,916228
jrsmith,NYK,SF,74,37,32.7,5.4,12.9,0.415,0.514,1.2,1.9,0.652,0.5,3.5,4.0,3.0,0.9,0.3,1.5,2.6,14.5,14.0,0.527,0.145,1.7,13.1,7.2,15.1,1.4,0.7,9.6,21.6,2.5,1.2,3.7,0.073,1.8,-1.6,0.1,1.3,5982375
jasonsmith,NOP,PF,31,27,26.8,4.2,9.1,0.465,0.465,1.3,1.6,0.78,1.6,4.2,5.8,0.9,0.4,0.9,0.9,3.2,9.7,12.4,0.495,0.177,7.0,18.5,12.7,5.6,0.7,2.9,8.4,18.2,0.5,0.4,0.9,0.054000000000000006,-2.6,-0.9,-3.5,-0.3,3278000
joshsmith,DET,SF,77,76,35.5,6.7,16.0,0.419,0.44799999999999995,2.1,3.9,0.532,1.3,5.4,6.8,3.3,1.4,1.4,2.6,2.6,16.4,14.1,0.46299999999999997,0.244,3.9,17.6,10.4,15.0,1.9,3.2,12.7,24.5,-1.4,2.5,1.1,0.02,-1.7,1.1,-0.6,0.9,2077000
tonysnell,CHI,SG,77,12,16.0,1.7,4.4,0.384,0.469,0.4,0.5,0.7559999999999999,0.2,1.4,1.6,0.9,0.4,0.2,0.6,1.1,4.5,8.0,0.489,0.122,1.8,9.6,5.7,9.1,1.3,0.9,11.1,14.9,-0.1,1.7,1.6,0.063,-2.9,-0.2,-3.0,-0.3,1696412
marreesespeights,GSW,C,79,3,12.4,2.5,5.6,0.441,0.45,1.4,1.7,0.821,1.3,2.4,3.7,0.4,0.1,0.4,0.8,1.9,6.4,15.2,0.507,0.303,11.4,20.6,16.1,5.3,0.5,2.6,11.6,25.4,0.6,1.5,2.1,0.10300000000000001,-3.9,-1.3,-5.2,-0.8,3657500
tiagosplitter,SAS,C,59,50,21.5,3.1,5.9,0.523,0.523,2.1,2.9,0.6990000000000001,2.1,4.1,6.2,1.5,0.5,0.5,1.3,2.0,8.2,16.5,0.5720000000000001,0.5,11.4,20.5,16.1,10.1,1.2,1.8,15.1,17.7,2.3,2.1,4.3,0.163,-0.1,2.1,1.9,1.3,9000000
lancestephenson,IND,SG,78,78,35.3,5.5,11.2,0.491,0.54,1.8,2.5,0.711,1.2,5.9,7.2,4.6,0.7,0.1,2.7,2.5,13.8,14.7,0.564,0.226,4.1,18.1,11.4,22.1,1.0,0.2,18.0,19.4,2.6,4.8,7.4,0.13,0.7,1.7,2.3,3.0,9000000
gregstiemsma,NOP,C,55,20,18.3,1.3,2.2,0.574,0.574,0.3,0.6,0.594,1.3,2.8,4.1,0.7,0.6,1.0,0.8,3.1,2.9,9.7,0.584,0.262,8.2,18.0,13.0,5.0,1.8,4.7,24.4,8.1,0.5,1.0,1.5,0.07200000000000001,-2.3,2.9,0.6,0.7,981084
amarestoudemire,NYK,C,65,21,22.6,4.8,8.6,0.557,0.557,2.3,3.1,0.7390000000000001,1.7,3.2,4.9,0.5,0.4,0.6,1.4,2.4,11.9,18.8,0.596,0.364,8.7,17.2,12.8,4.2,0.8,2.2,12.3,23.4,2.9,0.9,3.8,0.124,-0.8,-2.3,-3.1,-0.4,485670
rodneystuckey,DET,SG,73,5,26.7,5.1,11.7,0.436,0.45,3.3,4.0,0.836,0.5,1.8,2.3,2.1,0.7,0.1,1.7,1.8,13.9,14.0,0.516,0.342,2.1,7.7,4.7,12.7,1.4,0.4,11.3,24.3,1.8,0.4,2.2,0.053,-1.2,-2.9,-4.1,-1.0,1227985
jaredsullinger,BOS,PF,74,44,27.6,5.2,12.1,0.42700000000000005,0.45799999999999996,2.1,2.7,0.778,3.3,4.9,8.1,1.6,0.5,0.7,1.6,3.4,13.3,16.4,0.49700000000000005,0.226,13.0,20.6,16.7,10.1,0.9,1.8,10.7,24.1,1.9,2.0,3.9,0.091,0.3,-0.6,-0.3,0.9,1591605
jeffteague,ATL,PG,79,79,32.2,5.8,13.2,0.43799999999999994,0.474,4.0,4.8,0.846,0.4,2.2,2.6,6.7,1.1,0.2,2.9,2.0,16.5,17.1,0.541,0.36200000000000004,1.6,7.9,4.7,35.1,1.8,0.5,16.1,25.7,3.3,1.9,5.2,0.098,0.9,-2.0,-1.1,0.6,8000000
mirzateletovic,BRK,SF,72,7,19.4,3.1,7.3,0.418,0.546,0.6,0.9,0.71,0.8,2.9,3.7,0.8,0.4,0.3,0.8,2.0,8.6,14.3,0.5589999999999999,0.11699999999999999,5.2,17.6,11.4,7.1,1.1,1.4,8.8,20.5,1.6,1.1,2.7,0.094,1.5,-2.0,-0.5,0.5,3229050
garretttemple,WAS,SG,75,0,8.5,0.7,1.9,0.36200000000000004,0.38299999999999995,0.4,0.6,0.698,0.3,0.6,0.9,1.0,0.5,0.1,0.6,1.0,1.8,7.8,0.431,0.305,3.8,8.7,6.2,15.8,2.8,1.4,20.8,14.3,-0.5,0.9,0.3,0.025,-4.6,1.0,-3.7,-0.3,1040843
jasonterry,BRK,PG,35,0,16.3,1.6,4.3,0.36200000000000004,0.49,0.3,0.4,0.667,0.1,0.9,1.1,1.6,0.4,0.0,0.8,1.4,4.5,7.4,0.501,0.099,0.8,6.9,3.9,15.3,1.2,0.0,14.5,15.3,0.0,0.2,0.2,0.016,-1.4,-2.8,-4.2,-0.3,5225000
isaiahthomas,SAC,PG,72,54,34.7,6.9,15.2,0.45299999999999996,0.51,4.8,5.7,0.85,0.7,2.3,2.9,6.3,1.3,0.1,3.0,2.6,20.3,20.5,0.574,0.371,2.1,7.5,4.7,32.2,1.9,0.3,14.3,26.3,6.4,1.3,7.7,0.149,5.0,-2.1,2.9,3.1,6750001
hollisthompson,PHI,SF,77,41,22.6,2.2,4.8,0.46,0.55,0.7,0.9,0.7120000000000001,0.9,2.3,3.2,0.9,0.7,0.2,0.8,1.9,6.0,9.5,0.57,0.196,4.4,11.2,7.7,6.1,1.5,0.5,12.9,11.3,1.4,0.6,2.0,0.055,-1.8,-1.2,-3.0,-0.4,817409
jasonthompson,SAC,PF,82,61,24.5,3.1,6.0,0.506,0.506,1.0,1.8,0.579,1.9,4.6,6.4,0.6,0.4,0.7,1.2,3.1,7.1,11.1,0.523,0.292,8.5,21.3,14.8,4.1,0.8,2.3,14.5,14.4,0.9,1.7,2.7,0.064,-3.0,0.5,-2.5,-0.3,6037500
klaythompson,GSW,SG,81,81,35.4,6.9,15.5,0.444,0.5329999999999999,1.8,2.3,0.795,0.5,2.6,3.1,2.2,0.9,0.5,1.7,2.9,18.4,14.3,0.555,0.147,1.5,7.9,4.7,10.2,1.3,1.0,9.2,22.6,3.5,3.2,6.7,0.11199999999999999,1.3,-0.6,0.7,1.9,2435620
tristanthompson,CLE,PF,82,82,31.6,4.4,9.3,0.47700000000000004,0.47700000000000004,2.9,4.1,0.693,3.3,5.9,9.2,0.9,0.5,0.4,1.3,2.3,11.7,14.9,0.528,0.445,11.4,21.5,16.3,4.5,0.8,1.1,10.6,17.5,3.4,2.3,5.7,0.106,-1.5,-0.5,-2.0,0.0,4205318
anthonytolliver,CHA,PF,64,9,20.3,2.0,4.8,0.42,0.586,0.5,0.6,0.805,0.5,2.1,2.6,0.7,0.3,0.2,0.4,1.3,6.1,11.0,0.605,0.134,2.9,11.8,7.3,5.0,0.8,0.9,6.6,12.4,1.9,1.3,3.2,0.11699999999999999,0.8,-0.5,0.3,0.8,3000000
pjtucker,PHO,SF,81,81,30.7,3.3,7.6,0.431,0.491,1.9,2.5,0.7759999999999999,2.0,4.5,6.5,1.7,1.4,0.3,1.3,2.5,9.4,13.3,0.54,0.327,7.3,16.6,11.9,8.1,2.2,0.7,12.7,14.2,3.3,2.8,6.1,0.11699999999999999,0.7,1.6,2.3,2.7,5500000
ronnyturiaf,MIN,C,31,10,19.5,2.1,3.5,0.598,0.598,0.7,1.6,0.42,1.8,3.8,5.6,0.8,0.3,1.6,0.8,2.1,4.8,13.9,0.578,0.467,9.6,22.0,15.6,5.7,0.7,6.3,15.7,10.7,0.6,0.9,1.5,0.122,-2.3,4.0,1.7,0.6,1500000
hedoturkoglu,LAC,SF,38,0,10.3,1.1,2.9,0.385,0.486,0.2,0.5,0.5,0.3,2.1,2.3,0.9,0.5,0.3,0.4,1.3,3.0,11.3,0.49200000000000005,0.165,3.2,21.4,12.6,11.9,2.4,2.0,12.0,15.0,0.1,0.7,0.8,0.095,-1.9,2.1,0.2,0.2,1448490
ekpeudoh,MIL,PF,42,14,19.1,1.4,3.4,0.39899999999999997,0.39899999999999997,0.7,1.1,0.638,1.5,2.1,3.5,0.7,0.4,1.0,0.9,2.3,3.4,7.6,0.44,0.32899999999999996,8.4,12.8,10.5,5.7,1.0,4.4,18.8,11.4,-0.4,0.4,0.0,0.0,-4.7,1.2,-3.5,-0.3,981084
jonasvalanciunas,TOR,C,81,81,28.2,4.4,8.3,0.531,0.531,2.4,3.2,0.762,2.8,6.0,8.8,0.7,0.3,0.9,1.7,3.1,11.3,16.1,0.579,0.385,11.5,25.1,18.2,4.2,0.5,2.5,14.7,18.5,3.5,3.2,6.7,0.141,-1.6,0.2,-1.4,0.3,3809981
andersonvarejao,CLE,C,65,29,27.7,3.5,7.1,0.495,0.495,1.4,2.1,0.6809999999999999,2.9,6.8,9.7,2.2,1.1,0.6,1.1,2.5,8.4,17.0,0.527,0.294,11.4,28.2,19.6,12.2,2.0,1.8,12.2,14.6,2.7,2.7,5.4,0.14400000000000002,-0.4,3.0,2.7,2.1,8050000
nikolavucevic,ORL,C,57,57,31.8,6.2,12.2,0.507,0.507,1.8,2.4,0.7659999999999999,3.2,7.7,11.0,1.8,1.1,0.8,2.0,3.0,14.2,18.8,0.536,0.19699999999999998,11.5,27.6,19.5,10.2,1.7,2.0,12.9,21.8,1.8,2.6,4.4,0.11599999999999999,-1.0,1.5,0.5,1.2,1977425
dwyanewade,MIA,SG,54,53,32.9,7.7,14.1,0.545,0.551,3.5,4.8,0.733,1.1,3.4,4.5,4.7,1.5,0.5,3.0,2.0,19.0,22.0,0.588,0.33899999999999997,4.4,12.3,8.5,25.5,2.3,1.4,15.5,27.9,3.5,2.0,5.5,0.149,1.9,0.3,2.3,1.9,15562500
dionwaiters,CLE,SG,70,24,29.6,6.1,14.2,0.433,0.479,2.3,3.4,0.685,0.5,2.3,2.8,3.0,0.9,0.2,2.2,2.2,15.9,14.0,0.508,0.237,1.7,9.0,5.3,18.2,1.6,0.7,12.3,26.9,0.3,1.3,1.6,0.037000000000000005,-0.2,-1.8,-2.1,0.0,4205318
kembawalker,CHA,PG,73,73,35.8,6.2,15.7,0.39299999999999996,0.441,3.9,4.6,0.8370000000000001,0.5,3.7,4.2,6.1,1.2,0.4,2.3,1.8,17.7,16.8,0.499,0.295,1.7,11.6,6.6,29.7,1.7,1.0,11.6,25.8,1.8,3.3,5.1,0.09300000000000001,1.6,0.2,1.7,2.4,2664793
johnwall,WAS,PG,82,82,36.3,7.1,16.3,0.433,0.473,3.9,4.8,0.805,0.5,3.6,4.1,8.8,1.8,0.5,3.6,2.7,19.3,19.5,0.524,0.295,1.5,11.7,6.5,40.5,2.6,1.1,16.3,27.4,4.0,4.0,7.9,0.128,2.4,0.2,2.6,3.4,16957900
geraldwallace,BOS,SF,58,16,24.4,2.0,4.0,0.504,0.546,0.8,1.7,0.465,0.6,3.0,3.7,2.5,1.3,0.2,1.7,1.4,5.1,10.0,0.5429999999999999,0.439,2.8,14.5,8.5,14.9,2.7,0.8,26.1,11.6,-0.3,1.6,1.3,0.043,-2.5,2.2,-0.3,0.6,10000008
cjwatson,IND,PG,63,5,18.9,2.3,5.3,0.43700000000000006,0.516,1.1,1.4,0.784,0.3,1.3,1.6,1.7,1.0,0.1,1.0,1.0,6.6,13.0,0.555,0.263,1.9,7.4,4.8,14.4,2.6,0.5,13.9,16.6,1.1,2.1,3.2,0.13,-0.3,0.8,0.5,0.7,2046500
martellwebster,WAS,SF,78,13,27.7,3.3,7.5,0.433,0.557,1.3,1.6,0.84,0.5,2.4,2.8,1.2,0.5,0.2,0.7,1.9,9.7,11.5,0.591,0.213,2.0,10.1,6.0,6.7,1.0,0.6,8.3,14.7,3.3,1.7,5.0,0.11199999999999999,1.0,-1.1,-0.1,1.0,5497625
davidwest,IND,PF,80,80,30.9,5.7,11.7,0.488,0.49,2.5,3.1,0.789,1.5,5.3,6.8,2.8,0.8,0.9,1.7,2.3,14.0,17.5,0.5329999999999999,0.267,5.7,18.3,12.3,16.1,1.3,2.3,11.2,21.9,3.1,5.0,8.1,0.157,-0.6,2.7,2.0,2.5,12200000
russellwestbrook,OKC,PG,46,46,30.7,7.5,17.2,0.43700000000000006,0.48,5.3,6.4,0.826,1.2,4.5,5.7,6.9,1.9,0.2,3.8,2.3,21.8,24.7,0.545,0.37,4.6,15.9,10.5,40.2,3.1,0.4,16.1,34.4,3.0,2.3,5.2,0.17800000000000002,5.2,1.2,6.4,3.0,15719062
deronwilliams,BRK,PG,64,58,32.2,5.0,11.2,0.45,0.518,2.7,3.4,0.8009999999999999,0.2,2.4,2.6,6.1,1.5,0.2,2.2,2.3,14.3,17.6,0.564,0.302,0.9,8.9,4.9,32.8,2.4,0.5,15.0,21.8,3.8,1.5,5.4,0.125,2.7,-1.5,1.2,1.6,19754465
elliotwilliams,PHI,SG,67,2,17.3,2.1,5.0,0.415,0.47,1.3,1.8,0.731,0.4,1.5,1.9,1.1,0.5,0.0,1.0,1.9,6.0,8.7,0.519,0.353,2.7,9.7,6.1,9.4,1.5,0.2,14.9,16.7,0.0,0.3,0.3,0.013999999999999999,-3.2,-2.6,-5.7,-1.1,5771
marvinwilliams,UTA,PF,66,50,25.4,3.5,8.0,0.439,0.519,0.9,1.1,0.7809999999999999,1.2,3.8,5.1,1.2,0.8,0.5,0.8,2.3,9.1,14.0,0.54,0.139,5.5,17.9,11.5,7.7,1.7,1.5,8.7,16.7,1.9,1.0,2.9,0.084,0.5,-0.3,0.2,0.9,7000000
mowilliams,POR,PG,74,0,24.8,3.8,9.1,0.41700000000000004,0.478,1.1,1.2,0.8759999999999999,0.6,1.5,2.1,4.3,0.7,0.1,2.0,2.7,9.7,11.8,0.507,0.132,2.5,6.4,4.5,26.7,1.5,0.4,17.3,20.5,1.0,1.2,2.2,0.055999999999999994,-0.2,-1.7,-2.0,0.0,3750000
shawnewilliams,LAL,PF,36,13,20.9,2.0,5.3,0.38,0.49,0.4,0.6,0.7,0.7,3.9,4.6,0.8,0.5,0.8,0.6,2.6,5.6,9.5,0.503,0.10400000000000001,3.6,20.2,11.9,5.7,1.2,2.9,9.5,12.9,0.1,0.6,0.7,0.045,-1.9,0.7,-1.2,0.2,1292066
jeffwithey,NOP,C,58,4,11.8,1.2,2.2,0.535,0.535,0.9,1.3,0.7120000000000001,0.8,1.7,2.6,0.4,0.3,0.9,0.3,1.3,3.3,15.2,0.59,0.5660000000000001,8.2,17.4,12.7,5.6,1.1,6.1,11.0,12.0,1.2,0.6,1.8,0.128,-1.4,1.7,0.3,0.4,653331
natewolters,MIL,PG,58,31,22.6,2.9,6.7,0.43700000000000006,0.46,1.0,1.6,0.6559999999999999,0.6,2.0,2.6,3.2,0.6,0.3,1.0,1.2,7.2,12.7,0.486,0.231,2.8,10.5,6.5,23.3,1.4,0.9,11.7,16.8,0.9,0.2,1.2,0.043,-1.4,-2.1,-3.4,-0.5,4803
brandanwright,DAL,C,58,0,18.6,3.9,5.7,0.677,0.677,1.3,1.8,0.726,1.8,2.4,4.2,0.5,0.6,0.9,0.6,1.6,9.1,23.5,0.695,0.32,11.0,15.1,13.1,4.7,1.5,4.2,8.5,17.4,4.1,1.0,5.1,0.22699999999999998,3.1,0.6,3.6,1.5,5000000
dorellwright,POR,SF,68,13,14.5,1.6,4.4,0.374,0.49,0.8,1.0,0.754,0.4,2.4,2.8,0.9,0.3,0.2,0.6,0.9,5.0,11.9,0.524,0.23199999999999998,3.2,17.5,10.5,9.4,1.2,1.1,10.6,16.2,0.9,1.0,1.9,0.091,-0.1,-0.3,-0.4,0.4,3067500
tonywroten,PHI,PG,72,16,24.5,4.8,11.2,0.42700000000000005,0.452,2.9,4.5,0.6409999999999999,1.0,2.2,3.2,3.0,1.1,0.2,2.8,2.1,13.0,12.9,0.493,0.40299999999999997,4.1,10.1,7.0,20.9,2.1,0.7,17.7,27.7,-1.8,0.9,-0.9,-0.025,-2.3,-2.3,-4.6,-1.2,1886531
nickyoung,LAL,SG,64,9,28.3,6.0,13.9,0.435,0.511,3.7,4.5,0.825,0.5,2.1,2.6,1.5,0.7,0.2,1.5,2.4,17.9,16.0,0.564,0.321,1.7,8.1,4.9,9.0,1.2,0.5,8.6,26.8,2.3,0.3,2.5,0.067,1.7,-3.6,-1.9,0.0,5331544
thaddeusyoung,PHI,PF,79,78,34.4,7.4,16.2,0.45399999999999996,0.489,2.1,2.9,0.7120000000000001,2.1,3.9,6.0,2.3,2.1,0.5,2.1,2.7,17.9,16.6,0.512,0.17800000000000002,6.3,12.8,9.5,11.8,3.0,1.1,10.7,24.1,1.2,2.3,3.5,0.062,0.2,-0.4,-0.2,1.2,8600000
codyzeller,CHA,C,82,3,17.3,2.1,4.9,0.426,0.426,1.8,2.4,0.73,1.4,2.9,4.3,1.1,0.5,0.5,1.1,2.1,6.0,13.1,0.498,0.495,9.4,18.8,14.1,10.4,1.5,2.3,15.0,18.9,0.4,2.2,2.6,0.09,-3.2,1.8,-1.3,0.2,4352528
tylerzeller,CLE,C,70,9,15.0,2.2,4.1,0.5379999999999999,0.5379999999999999,1.2,1.7,0.7190000000000001,1.5,2.6,4.0,0.5,0.3,0.5,0.9,2.0,5.7,15.4,0.581,0.41700000000000004,10.8,19.6,15.1,5.6,0.9,3.0,14.9,17.1,1.5,1.1,2.6,0.12,-1.9,0.2,-1.7,0.1,1879324
quincyacy,TOT,SF,63,0,13.4,1.0,2.2,0.46799999999999997,0.48200000000000004,0.6,0.8,0.66,1.1,2.3,3.4,0.4,0.4,0.4,0.5,1.9,2.7,10.1,0.52,0.376,9.5,19.5,14.4,4.9,1.4,2.5,15.4,10.1,0.6,0.9,1.5,0.086,-2.5,1.4,-1.1,0.2,789705
lavoyallen,TOT,PF,65,2,16.5,2.1,4.6,0.447,0.45,0.5,0.8,0.66,1.8,3.0,4.8,1.1,0.4,0.5,0.7,1.9,4.7,12.5,0.47,0.16699999999999998,11.7,20.0,15.7,10.1,1.1,2.4,12.0,14.6,0.6,0.9,1.5,0.066,-3.1,0.3,-2.8,-0.2,948163
joelanthony,TOT,C,33,0,5.6,0.4,1.0,0.375,0.375,0.1,0.2,0.5,0.5,0.7,1.2,0.1,0.1,0.4,0.1,0.5,0.8,8.1,0.39399999999999996,0.25,9.1,14.6,11.8,1.6,0.8,5.2,7.8,9.3,0.0,0.2,0.2,0.044000000000000004,-5.7,1.0,-4.7,-0.1,3650000
djaugustin,TOT,PG,71,9,27.3,4.2,10.1,0.415,0.508,2.8,3.2,0.885,0.2,1.6,1.8,4.4,0.7,0.0,1.8,2.1,13.1,16.2,0.569,0.316,0.9,6.7,3.8,28.9,1.5,0.1,13.3,22.4,3.8,2.4,6.2,0.154,2.6,-2.2,0.4,1.2,3000000
jerrydbayless,TOT,PG,72,19,23.4,3.4,8.6,0.402,0.46399999999999997,1.3,1.6,0.797,0.3,1.7,2.0,2.7,0.8,0.1,1.1,2.2,9.3,12.0,0.498,0.191,1.5,8.6,5.0,18.5,1.9,0.4,10.9,20.1,1.1,1.3,2.4,0.069,-0.4,-1.4,-1.8,0.1,3000000
kentbazemore,TOT,SG,67,15,13.6,2.2,5.1,0.429,0.491,1.0,1.6,0.606,0.1,1.6,1.7,1.4,0.6,0.2,1.2,1.5,6.0,11.2,0.515,0.318,1.2,12.6,6.9,15.7,2.3,1.0,16.8,22.6,-0.6,0.8,0.2,0.011000000000000001,-2.1,-0.4,-2.5,-0.1,2000000
steveblake,TOT,PG,55,28,27.2,2.4,6.4,0.377,0.489,0.6,0.8,0.767,0.2,2.7,2.9,5.6,1.0,0.1,1.9,1.5,6.9,11.0,0.508,0.122,0.9,10.4,5.7,28.8,1.8,0.4,21.5,13.8,0.7,1.1,1.8,0.057999999999999996,-0.9,-0.7,-1.6,0.2,2123733
aaronbrooks,TOT,PG,72,12,21.6,3.2,8.1,0.401,0.484,1.2,1.3,0.8740000000000001,0.6,1.3,1.9,3.2,0.7,0.2,1.6,2.0,9.0,12.5,0.518,0.16399999999999998,3.1,6.7,4.9,23.3,1.6,0.6,15.8,20.5,1.3,0.9,2.2,0.067,0.4,-1.9,-1.5,0.2,1145685
caronbutler,TOT,SF,56,13,25.3,3.8,9.6,0.39399999999999996,0.485,1.1,1.3,0.84,0.4,3.7,4.1,1.5,0.8,0.3,1.1,2.1,10.5,12.2,0.512,0.139,1.7,16.8,9.2,9.6,1.7,1.0,9.5,20.1,0.6,1.2,1.8,0.062,-0.7,-1.4,-2.1,0.0,4500000
earlclark,TOT,PF,54,17,14.2,1.8,4.8,0.37200000000000005,0.45,0.4,0.6,0.647,0.4,2.2,2.6,0.3,0.3,0.5,0.6,1.2,4.8,9.1,0.466,0.13,3.2,18.2,10.5,3.7,1.1,2.8,10.1,17.9,-0.4,0.8,0.3,0.02,-3.9,-0.9,-4.8,-0.5,624168
glendavis,TOT,PF,68,44,24.4,4.0,8.7,0.457,0.46,1.4,2.0,0.693,1.6,3.6,5.2,1.1,0.9,0.4,1.1,2.3,9.4,13.1,0.491,0.231,7.4,16.4,11.9,7.8,1.8,1.4,10.4,19.9,0.2,1.8,2.0,0.057999999999999996,-2.8,0.3,-2.5,-0.2,1227985
dewaynededmon,TOT,C,31,6,12.6,1.2,2.7,0.45799999999999996,0.45799999999999996,0.7,1.0,0.6559999999999999,1.2,2.9,4.1,0.2,0.2,0.7,0.6,2.1,3.1,10.7,0.5,0.386,10.7,25.8,18.1,1.9,0.9,4.5,15.6,13.1,0.1,0.5,0.6,0.07,-6.0,0.0,-6.0,-0.4,687919
luoldeng,TOT,SF,63,63,35.1,5.9,13.7,0.431,0.465,3.4,4.3,0.7909999999999999,1.6,4.2,5.7,2.9,1.0,0.1,1.8,1.8,16.0,15.2,0.517,0.312,5.0,13.4,9.2,14.6,1.5,0.3,10.4,22.3,2.2,2.3,4.5,0.098,0.4,-0.2,0.2,1.2,9933037
toneydouglas,TOT,PG,51,17,13.2,1.4,3.7,0.384,0.466,0.5,0.7,0.735,0.4,1.4,1.7,1.3,0.4,0.1,0.7,1.6,4.0,9.2,0.493,0.179,3.4,11.9,7.8,14.6,1.5,0.6,14.2,16.3,0.2,0.7,0.9,0.061,-1.5,-0.8,-2.3,-0.1,664827
reggieevans,TOT,PF,54,20,16.6,1.3,2.8,0.473,0.473,1.3,2.4,0.5539999999999999,2.1,4.1,6.2,0.4,0.7,0.1,1.1,2.2,4.0,11.7,0.516,0.867,14.8,28.4,21.5,3.5,2.1,0.3,21.9,13.4,0.3,1.2,1.5,0.08,-3.5,-0.1,-3.6,-0.4,1695635
jimmerfredette,TOT,SG,49,0,10.6,2.2,4.6,0.47100000000000003,0.5589999999999999,0.4,0.4,0.905,0.2,0.9,1.1,1.3,0.3,0.1,1.0,0.7,5.6,15.8,0.578,0.09300000000000001,1.7,9.7,5.7,22.2,1.4,0.5,16.9,24.3,0.5,0.3,0.8,0.078,0.6,-3.0,-2.4,0.0,948163
rudygay,TOT,SF,73,73,34.7,7.4,16.2,0.455,0.483,4.4,5.3,0.8220000000000001,1.5,4.4,6.0,2.9,1.3,0.8,3.1,2.3,20.0,18.3,0.54,0.32799999999999996,5.0,14.8,9.8,15.1,1.9,1.8,14.2,27.6,2.3,2.5,4.8,0.091,0.6,0.3,0.9,1.8,16460538
dannygranger,TOT,SF,41,2,20.7,2.8,7.5,0.37799999999999995,0.44799999999999995,1.5,1.6,0.94,0.8,2.5,3.2,1.0,0.3,0.4,1.1,1.5,8.2,10.9,0.502,0.218,4.3,12.9,8.8,7.8,0.7,1.5,12.0,20.5,0.1,1.2,1.3,0.073,-2.2,-0.6,-2.8,-0.2,2123733
jordanhamilton,TOT,SF,60,12,17.0,2.5,6.3,0.391,0.484,0.7,0.9,0.784,0.5,2.7,3.2,0.9,0.7,0.3,0.8,1.1,6.7,12.7,0.507,0.136,3.5,17.1,10.4,7.9,2.1,1.5,10.4,18.7,0.4,1.1,1.6,0.073,-0.9,-0.1,-1.0,0.3,583006
spencerhawes,TOT,C,80,78,30.9,5.0,11.0,0.456,0.529,1.5,1.9,0.7829999999999999,1.6,6.6,8.3,3.0,0.6,1.2,2.2,3.0,13.2,15.7,0.5539999999999999,0.172,5.6,24.2,14.6,15.8,0.9,3.1,15.4,19.6,2.2,2.3,4.5,0.08800000000000001,-0.4,0.9,0.5,1.6,5663088
chuckhayes,TOT,C,61,1,12.4,0.9,2.1,0.431,0.431,0.3,0.4,0.8,1.1,2.3,3.4,0.6,0.6,0.2,0.5,1.6,2.2,10.0,0.46799999999999997,0.192,10.5,21.8,16.1,6.8,2.3,1.3,19.0,10.4,0.2,1.2,1.4,0.086,-3.1,2.5,-0.6,0.3,5604375
courtneylee,TOT,SG,79,47,25.0,3.7,7.8,0.48,0.539,1.3,1.4,0.884,0.4,2.0,2.4,1.5,0.8,0.4,0.9,1.6,9.6,13.8,0.574,0.182,1.7,9.5,5.6,9.3,1.7,1.2,9.9,17.0,2.8,1.9,4.7,0.114,0.5,-0.1,0.4,1.2,5337500
cartiermartin,TOT,SF,59,6,14.7,1.9,4.5,0.42,0.532,0.8,1.1,0.738,0.2,1.6,1.9,0.6,0.5,0.1,0.6,1.2,5.6,11.0,0.562,0.24600000000000002,1.7,12.8,7.3,5.9,1.6,0.6,10.4,17.1,0.5,0.8,1.3,0.07,-1.2,-1.5,-2.8,-0.2,1208325
andremiller,TOT,SG,58,2,16.9,1.8,4.0,0.45899999999999996,0.483,1.0,1.3,0.779,0.5,1.8,2.2,3.4,0.6,0.2,1.1,1.3,4.9,13.9,0.534,0.33299999999999996,3.1,11.7,7.4,29.2,1.7,0.7,18.7,14.5,1.4,0.8,2.2,0.10800000000000001,-1.3,-0.4,-1.8,0.1,4875000
dariusmorris,TOT,PG,27,0,11.6,1.4,3.6,0.406,0.469,0.6,1.0,0.654,0.3,0.7,1.0,1.6,0.5,0.0,1.0,1.2,4.0,9.2,0.498,0.271,2.5,6.8,4.6,21.5,2.1,0.0,20.1,18.6,-0.1,0.2,0.0,0.006,-2.9,-2.9,-5.7,-0.3,859089
garyneal,TOT,SG,52,3,21.4,3.7,9.1,0.41,0.48200000000000004,1.8,2.0,0.895,0.2,1.5,1.7,1.6,0.3,0.0,1.2,1.3,10.5,12.5,0.53,0.223,1.0,8.3,4.6,13.0,0.8,0.0,11.0,23.8,0.6,0.3,1.0,0.040999999999999995,-0.6,-4.0,-4.6,-0.7,3250000
patrickpatterson,TOT,PF,65,13,23.6,3.5,7.5,0.46,0.516,0.8,1.1,0.7040000000000001,1.8,3.5,5.3,1.2,0.8,0.6,1.0,2.4,8.5,14.6,0.5329999999999999,0.145,8.8,17.1,12.9,8.5,1.9,1.9,11.1,17.2,1.8,2.0,3.8,0.11800000000000001,0.4,1.1,1.5,1.3,6050000
lukeridnour,TOT,PG,61,14,18.7,2.1,5.4,0.385,0.442,0.3,0.4,0.654,0.4,1.2,1.6,2.9,0.5,0.1,1.1,1.5,5.0,9.0,0.452,0.08,2.2,7.6,4.8,24.3,1.5,0.6,16.3,16.1,-0.3,0.4,0.1,0.005,-2.7,-2.4,-5.1,-0.9,2750000
ramonsessions,TOT,PG,83,19,26.7,4.0,9.3,0.429,0.452,3.9,4.9,0.807,0.5,2.0,2.4,4.1,0.6,0.1,1.8,1.1,12.3,16.0,0.539,0.525,1.9,8.6,5.2,25.7,1.2,0.3,13.5,22.7,3.1,1.2,4.3,0.094,0.1,-2.3,-2.2,-0.1,2123733
henrysims,TOT,C,46,25,19.0,2.8,6.0,0.474,0.474,2.0,2.6,0.7440000000000001,2.3,2.9,5.2,1.1,0.6,0.4,0.9,2.5,7.6,16.1,0.535,0.442,12.5,17.2,14.8,9.5,1.6,1.9,11.1,18.0,1.4,0.7,2.1,0.115,-1.0,-0.3,-1.3,0.2,852058
marcusthornton,TOT,SG,72,27,24.2,3.5,8.9,0.39399999999999996,0.48,1.3,1.6,0.804,0.8,2.0,2.8,1.1,0.8,0.2,0.9,1.5,9.8,12.0,0.511,0.175,3.7,9.4,6.6,7.3,1.7,0.5,8.9,19.7,1.0,1.0,2.0,0.055,0.1,-1.7,-1.6,0.2,7787500
evanturner,TOT,SF,81,56,30.3,5.4,12.6,0.425,0.45,2.6,3.2,0.813,0.8,4.3,5.0,3.2,0.8,0.1,2.3,2.4,14.0,12.4,0.498,0.257,2.7,15.7,9.0,17.8,1.3,0.2,14.3,23.2,-0.5,1.8,1.4,0.027000000000000003,-2.4,-1.3,-3.7,-1.0,3351755
benoudrih,TOT,SG,41,12,15.7,1.9,4.3,0.43799999999999994,0.49200000000000005,0.6,0.7,0.833,0.2,1.2,1.4,2.8,0.6,0.1,1.1,1.2,4.9,12.7,0.523,0.16899999999999998,1.8,9.2,5.4,28.0,1.9,0.5,19.7,17.2,0.5,0.3,0.8,0.061,-1.4,-2.0,-3.4,-0.2,2123733
greivisvasquez,TOT,SG-PG,79,23,22.5,3.5,8.3,0.42100000000000004,0.504,1.2,1.4,0.88,0.3,1.9,2.2,4.1,0.4,0.1,1.6,1.8,9.6,14.1,0.537,0.16399999999999998,1.3,10.0,5.6,30.4,0.9,0.2,15.4,21.1,2.4,1.2,3.6,0.09699999999999999,1.2,-2.6,-1.4,0.3,6500000
derrickwilliams,TOT,SF-PF,78,15,23.3,2.6,6.2,0.42700000000000005,0.45399999999999996,2.4,3.3,0.718,0.9,3.2,4.1,0.7,0.6,0.3,1.0,1.5,8.0,11.5,0.524,0.537,4.3,15.8,10.0,4.7,1.3,0.9,11.3,16.2,1.3,1.3,2.6,0.068,-2.1,-0.5,-2.6,-0.3,4809840
